names,labels
Akhila ,girl
Amrita ,girl
Anjana ,girl
Anju ,girl
Ajita ,girl
Akriti ,girl
Amiya ,girl
Aathmika ,girl
Abhiri ,girl
Anandita ,girl
Aadarshini ,girl
Abhilasha ,girl
Amolika ,girl
Akane ,girl
Ananda - Joy,girl
Aabharana ,girl
Aahna ,girl
Aasia,girl
Achira ,girl
Alka,girl
Ambuda ,girl
Andal ,girl
Amala ,girl
Ahalya ,girl
Akshara ,girl
Aadrika ,girl
Adya ,girl
Ami ,girl
Aastha ,girl
Amshula ,girl
Amritkala ,girl
Amlika ,girl
Aamaal ,girl
Amba ,girl
Akshi ,girl
Amisha ,girl
Aaral ,girl
Aayushi ,girl
Aaniya,girl
Aaradhya ,girl
Amrusha ,girl
Anisha ,girl
Abhimani ,girl
Ankolika ,girl
Anagi ,girl
Agrima ,girl
Aabha ,girl
Anantaa ,girl
Aloki ,girl
Amitrasudan ,girl
Ambar ,girl
Akanksha ,girl
Amara ,girl
Amoda ,girl
Anisa ,girl
Ahladita ,girl
Aarini ,girl
Alda ,girl
Aadita ,girl
Aamrapali ,girl
Aghanashini ,girl
Agriya ,girl
Ajaya ,girl
Ajala ,girl
Adhira ,girl
Amishi ,girl
Amrapali ,girl
Abhira ,girl
Alekhya ,girl
Ambuja ,girl
Ammu ,girl
Aanandamayee ,girl
Anjushri ,girl
Anchal ,girl
Almas ,girl
Anagha ,girl
Abirami ,girl
Amodini ,girl
Ananti ,girl
Anbar ,girl
Anjani ,girl
Abhirami ,girl
Aamani ,girl
Ambika ,girl
Adwita ,girl
Amishta,girl
Aishi ,girl
Akshainie ,girl
Amaris ,girl
Anjika ,girl
Anjali ,girl
Abhaya ,girl
Angoori ,girl
Adwitiya ,girl
Anindita ,girl
Anchala ,girl
Abhijaata ,girl
Amukta ,girl
Aadhya ,girl
Amita ,girl
Aashni ,girl
Alak ,girl
Aarati ,girl
Anahita ,girl
Ambu ,girl
Akshayaa ,girl
Anita ,girl
Alisha ,girl
Adrika ,girl
Ablaa ,girl
Aahlaadita ,girl
Adishakti ,girl
Anchita ,girl
Aanandita ,girl
Akshadha ,girl
Amoolya ,girl
Aniha ,girl
Ankal ,girl
Anangee ,girl
Ania ,girl
Aditi ,girl
Ajastha,girl
Aashi ,girl
Amritaya ,girl
Anjalee ,girl
Amulya ,girl
Aishwarya ,girl
Abhirupa ,girl
Anaamika ,girl
Anjini ,girl
Aaratrika ,girl
Aapti ,girl
Aashritha ,girl
Akshita ,girl
Akula ,girl
Amaldeepti ,girl
Angaja ,girl
Aaloka ,girl
Abhisarika ,girl
Adhishree ,girl
Amiti ,girl
Amlankusum ,girl
Analaa ,girl
Anavi,girl
Achala ,girl
Akshata ,girl
Aarna ,girl
Aja ,girl
Aatmaja ,girl
Angarika ,girl
Aniya ,girl
Agrata ,girl
Anandmayee ,girl
Aarushi ,girl
Akira ,girl
Amidi,girl
Agnishikha ,girl
Anarghya ,girl
Angha ,girl
Ankaiyarkanni ,girl
Aanandi ,girl
Alaknanda ,girl
Agamya ,girl
Amrutha ,girl
Amitjyoti ,girl
Abishta ,girl
Amal ,girl
Aarika ,girl
Aishani ,girl
Amvi ,girl
Anika ,girl
Anasuya ,girl
Achla ,girl
Ajaa ,girl
Akuti ,girl
Ahimsa ,girl
Abhiruchi ,girl
Aboli ,girl
Anima ,girl
Anamika ,girl
Anemone ,girl
Amithi ,girl
Alakananda ,girl
Adwiteya ,girl
Anjum ,girl
Anandani ,girl
Anilaja,girl
Alaina ,girl
Alpana ,girl
Aasha ,girl
Aashna ,girl
Amritrashmi ,girl
Alpita,girl
Abhijita ,girl
Alopa ,girl
Aashiyana ,girl
Anandi ,girl
Aakriti ,girl
Abha ,girl
Aakanksha ,girl
Aditri ,girl
Alankrita ,girl
Alpa ,girl
Aashalata ,girl
Amritambu ,girl
Ananya ,girl
Aarti ,girl
Angira ,girl
Alaka ,girl
Abhipsa ,girl
Abhitha ,girl
Anamitra ,girl
Ana ,girl
Amla ,girl
Ankita ,girl
Advika ,girl
Anishka ,girl
Angana ,girl
Aarohi ,girl
Aanchal ,girl
Ambaalika ,girl
Akashleena ,girl
Bhooma ,girl
Bishakha ,girl
Bansari ,girl
Bhagavathi ,girl
Bandhura ,girl
Bavishni ,girl
Bidisha,girl
Benaka,girl
Bhargavi ,girl
Bageshri ,girl
Bhuvi ,girl
Bhagyalakshmi ,girl
Brahmani ,girl
Basabi ,girl
Binita ,girl
Bhavi ,girl
Bhakti ,girl
Bhaumi ,girl
Bimbi ,girl
Beena ,girl
Bhandhavi,girl
Belli ,girl
Bharavi ,girl
Bheema ,girl
Banni ,girl
Bhoomi ,girl
Bodhi ,girl
Bhanuja ,girl
Bani ,girl
Bahugandha ,girl
Bakula ,girl
Bhadra ,girl
Bhavya ,girl
Bimala ,girl
Bryn ,girl
Bala ,girl
Bhrithi ,girl
Basanti ,girl
Brijabala ,girl
Bhanupriya ,girl
Babita ,girl
Banmala ,girl
Baka ,girl
Bhanumati ,girl
Bhama ,girl
Baruni ,girl
Bhumika ,girl
Bharati ,girl
Bandhavi ,girl
Bela ,girl
Bhavani ,girl
Bhagwati ,girl
Briti ,girl
Bhagyashri ,girl
Bahula ,girl
Barkha ,girl
Bhairavi ,girl
Banhi ,girl
Bijali ,girl
Bhanu ,girl
Baijanti / vaijanti ,girl
Bina ,girl
Bhanusri ,girl
Barsha ,girl
Bhupali ,girl
Bindhiya ,girl
Bhagirathi ,girl
Bakul ,girl
Bhagyawati ,girl
Bhavini ,girl
Bijal ,girl
Bel ,girl
Bhuvana ,girl
Brinda ,girl
Bhadrusha,girl
Bulbul ,girl
Bhagwanti ,girl
Bhanuni ,girl
Bijli ,girl
Bhavika ,girl
Bavishya ,girl
Bhavana ,girl
Bhavna ,girl
Bairavi ,girl
Bhawna ,girl
Bindu ,girl
Bipasha ,girl
Bhamini ,girl
Bhagini,girl
Chandini ,girl
Chanchal ,girl
Chaaya ,girl
Chandrajyoti ,girl
Charu ,girl
Chandrika ,girl
Chetana ,girl
Champa ,girl
Chinmayi ,girl
Chintanika ,girl
Chandrima ,girl
Chandrakala ,girl
Chetna ,girl
Chandrakali ,girl
Charmaine ,girl
Chaitaly ,girl
Cauvery ,girl
Chitralekha ,girl
Chaitanya ,girl
Chalama ,girl
Chakrika ,girl
Charunetra ,girl
Chakori ,girl
Chunni ,girl
Chitrathi ,girl
Chitrali ,girl
Chitrangada ,girl
Charumati ,girl
Chhavi ,girl
Chhaya ,girl
Chairavali ,girl
Champakmala ,girl
Chayla,girl
Chandrabha ,girl
Chitrani ,girl
Chitragandha ,girl
Chashmum ,girl
Chandana ,girl
Chane ,girl
Chaunta ,girl
Chitrita ,girl
Chatura ,girl
Chandra ,girl
Chandi ,girl
Chandrabhaga ,girl
Charulata ,girl
Charulekha ,girl
Chandan ,girl
Chaitali ,girl
Chandralekha ,girl
Chandani ,girl
Chhavvi ,girl
Chanchari ,girl
Chanchala ,girl
Chandika ,girl
Chitra ,girl
Charita ,girl
Chandrakanti ,girl
Chahna ,girl
Chitrakshi ,girl
Chandraki ,girl
Chaitra ,girl
Chaman ,girl
Chameli ,girl
Charvi ,girl
Chandraprabha ,girl
Chintamani ,girl
Chandrapushpa ,girl
Chandramukhi ,girl
Chandrakanta ,girl
Chanda ,girl
Charusheela ,girl
Chara ,girl
Chapala ,girl
Deepal ,girl
Dishita ,girl
Dimple,girl
Dristi ,girl
Dhanya ,girl
Drishya ,girl
Durriya ,girl
Devmani ,girl
Devakali ,girl
Deepa ,girl
Dhruti ,girl
Dhuti,girl
Druti ,girl
Draupadi ,girl
Dheeptha ,girl
Dhanashri ,girl
Digambari ,girl
Divyana ,girl
Drishti ,girl
Dharini ,girl
Dhinushshini Devi ,girl
Deborah ,girl
Dhriti ,girl
Devkanya ,girl
Devika ,girl
Devishi ,girl
Dishani ,girl
Dharmista,girl
Dhatri ,girl
Diya ,girl
Deepaprabha ,girl
Dharitri ,girl
Dharuna ,girl
Devki ,girl
Devna ,girl
Deekshaa,girl
Devina ,girl
Devaki ,girl
Disha ,girl
Devi ,girl
Devyani ,girl
Dipali ,girl
Demira ,girl
Dayanita ,girl
Dhruvika ,girl
Dia ,girl
Divija ,girl
Deepakala ,girl
Dharti ,girl
Dalaja ,girl
Deleena ,girl
Diksha ,girl
Dhanvanti ,girl
Dyumna ,girl
Dhyana ,girl
Divyanshi ,girl
Darpana ,girl
Dhyuti ,girl
Durga ,girl
Deena,girl
Deekshita,girl
Desna ,girl
Dakshayani ,girl
Deveshi ,girl
Devashree ,girl
Dhanyata ,girl
Devangi ,girl
Devakiri ,girl
Dhruva ,girl
Deepta ,girl
Dhruvi ,girl
Dhanvi ,girl
Dayamayi ,girl
Deepavati ,girl
Damini ,girl
Deeta ,girl
Durva ,girl
Dishi ,girl
Devani,girl
Diti ,girl
Dhwani ,girl
Deepshika ,girl
Darshana ,girl
Dipti ,girl
Devanshi ,girl
Dipashri ,girl
Deepti ,girl
Dhlriti ,girl
Damyanti ,girl
Dyuti ,girl
Deepali ,girl
Daya ,girl
Daksha ,girl
Dayita ,girl
Dhara ,girl
Darika ,girl
Drisana ,girl
Deepika ,girl
Dhanishta ,girl
Deetya ,girl
Dharnitha ,girl
Devapriya ,girl
Divya ,girl
Ekaparnika ,girl
Ekaja ,girl
Ekta ,girl
Ecchumati ,girl
Ekanta ,girl
"Eswary, Eshwari ",girl
Eila ,girl
Ekantika ,girl
Ekaa ,girl
Eta ,girl
Esha ,girl
Eesha ,girl
Ekani ,girl
Eiravati ,girl
Ela ,girl
Elina ,girl
Edha ,girl
Falguni ,girl
Forum ,girl
Fullan ,girl
Fulmala ,girl
Firaki,girl
Fulki ,girl
Gaura ,girl
Godavari ,girl
Gaurika ,girl
Gangika ,girl
Gomti ,girl
Gorma ,girl
Goda Devi,girl
Gopi ,girl
Godavri ,girl
Girija ,girl
Gul ,girl
Gunita ,girl
Garati ,girl
Gunavati ,girl
Gulab ,girl
Grishma ,girl
Gourangi ,girl
Goda,girl
Gayatri ,girl
Gitashri ,girl
Guddu,girl
Gowri ,girl
Giva ,girl
Gitanjali ,girl
Gorochana ,girl
Gita ,girl
Gangi ,girl
Geet ,girl
Ganga ,girl
Ganika ,girl
Giribala ,girl
Ganjan ,girl
Gunjan ,girl
Girisha ,girl
Gitika ,girl
Gulika ,girl
Gurparveen ,girl
Gandhali ,girl
"Gajra, Gajara ",girl
Gina ,girl
Gurjari ,girl
Greeshma ,girl
Ganesa ,girl
Gunnika ,girl
Gopa ,girl
Gunjita ,girl
Gauri ,girl
Gopika ,girl
Gyanada ,girl
Gargi ,girl
Gautami ,girl
Garima ,girl
Gira ,girl
Gitali ,girl
Ginni ,girl
Geeta ,girl
Geeti ,girl
Hridya ,girl
Hiranmayi ,girl
Haribala ,girl
Hiya ,girl
Harshita ,girl
Haripriya ,girl
Hilla ,girl
Hemaprabha ,girl
Hemakshi ,girl
Honey ,girl
Hradini ,girl
Hinda ,girl
Hina ,girl
Harsha ,girl
Hemavati ,girl
Huma ,girl
Harita ,girl
Hita ,girl
Hemanti ,girl
Hamsini ,girl
Hema ,girl
Hera ,girl
Hansini ,girl
Hemadri ,girl
Hemangini ,girl
Harshal ,girl
Heera ,girl
Hamsavahini ,girl
Himani ,girl
Hamsa ,girl
Hemani ,girl
Heerkani ,girl
Humaila ,girl
Himabindu ,girl
Harinakshi ,girl
Himaja ,girl
Hansa ,girl
Hitaishi ,girl
Harshi ,girl
Hetal,girl
Hymavathi ,girl
Harini ,girl
Hemkanta ,girl
Haimi ,girl
Hemlata ,girl
Harshini ,girl
Harshika ,girl
Haimavathi ,girl
Hansamala ,girl
Hasina ,girl
Himagouri ,girl
Hyma ,girl
Harshali ,girl
Henna ,girl
Hemalata ,girl
Harshada ,girl
Hasita ,girl
Hima ,girl
Hiral ,girl
Hrithika ,girl
Harsika ,girl
Hemal ,girl
Hemangi ,girl
Hemashri ,girl
Hem ,girl
Ishi ,girl
Iksha ,girl
Ikshula ,girl
Induma ,girl
Isha ,girl
Indulala ,girl
Indrakshi ,girl
Iraja ,girl
Ipsita ,girl
Ishya ,girl
Ishwarya ,girl
Indrina ,girl
Indira ,girl
Ishta ,girl
Indukanta ,girl
Indu ,girl
Ishanvi ,girl
Iyla ,girl
Indrakanta ,girl
Iti ,girl
Induja ,girl
Ihita ,girl
Ishwari ,girl
Inika ,girl
Inas ,girl
Ishani ,girl
Ishita ,girl
Ijaya ,girl
Ina,girl
Indukala ,girl
Imani ,girl
Ikshita ,girl
Indrani ,girl
Ipsa ,girl
Indali ,girl
Indumauli ,girl
Idha ,girl
Indumukhi ,girl
Indulekha ,girl
Induprabha ,girl
Ira ,girl
Iravati ,girl
Ishana ,girl
Inu ,girl
Itkila ,girl
Iditri ,girl
Irit ,girl
Iksura ,girl
Iha ,girl
ILA ,girl
Idika ,girl
Indumati ,girl
Jasu ,girl
Jharna ,girl
Janaknandini ,girl
Joshila ,girl
Jovita ,girl
Januja ,girl
Jyotishmati ,girl
Jyena ,girl
Jasum ,girl
Janavika,girl
Jayalalita ,girl
Jaganmohini ,girl
Jaitashri ,girl
Jowaki ,girl
Jayani ,girl
Janaki ,girl
Jayasudha ,girl
Jahnavi ,girl
Jyotsna ,girl
Jagati ,girl
Jasmin ,girl
Jalaja ,girl
Jagvi ,girl
Jigna ,girl
Juhi ,girl
Jiya ,girl
Jignasa ,girl
Jaasritha ,girl
Jayna ,girl
Jasweer ,girl
Jayashree ,girl
Joshika ,girl
Jeevitha ,girl
Jigyasa ,girl
Jagrati ,girl
Jalsa ,girl
Jayanti ,girl
Jalbala ,girl
Jayavanti ,girl
Jayalakshmi ,girl
Jyeshtha ,girl
Jayne ,girl
Jamuna ,girl
Jalpa ,girl
Jaganmayee ,girl
Jagadambika ,girl
Jaina ,girl
Janya ,girl
Jinisha ,girl
Jayaprabha ,girl
Jarul ,girl
Jyoti ,girl
Joshitha ,girl
Jaladhija ,girl
Jeevika ,girl
Jaba ,girl
Jinal ,girl
Jwala ,girl
Jaya ,girl
Jayita ,girl
Jayamala ,girl
Jaishnavi ,girl
Janki ,girl
Jeeteshi ,girl
Jayaprada ,girl
Jilpa ,girl
Jesal,girl
Jayashri ,girl
Jagruti ,girl
Jigisha ,girl
Jyotirmayi / Jyothirmaayee ,girl
Jaganmata ,girl
Juana,girl
Janisha ,girl
Jasmit ,girl
Jyotika ,girl
Jayan ,girl
Jui ,girl
Jagadamba ,girl
Jhalak ,girl
Janani ,girl
Kashi ,girl
Kankalini  ,girl
Kanchan ,girl
Kalima ,girl
Kamana ,girl
Kanaka ,girl
Kali ,girl
Kaviya  ,girl
Kashmira ,girl
Kamal ,girl
Kaushali ,girl
Kanika ,girl
Kaushalya ,girl
Karnapriya ,girl
Kalini ,girl
Kamya,girl
Kallol ,girl
Kanti ,girl
Kalika ,girl
Kadambini ,girl
Kasturi ,girl
Kausalya ,girl
Kaushiki ,girl
Kanakabati ,girl
Karalika ,girl
Karthiaeini ,girl
Kanchana ,girl
Kanishka,girl
Kashvi ,girl
Kavika ,girl
Kamini ,girl
Kashika ,girl
Kapila ,girl
Kaamakya ,girl
Kanjri ,girl
Kakali ,girl
Kapotakshi ,girl
Kaishori ,girl
Kamalini ,girl
Kankana ,girl
Kalindi ,girl
Kamakshi ,girl
Kashish ,girl
Karul ,girl
Kaalanjari ,girl
Kanaklata ,girl
Kanyakumari ,girl
Kaustubhi ,girl
Kalapini ,girl
Kamala ,girl
Kajjali  ,girl
Kanupriya  ,girl
Karunya ,girl
Kalyani ,girl
Kavya  ,girl
Kanushni ,girl
Kamalakshi ,girl
Kana ,girl
Kameshvari ,girl
Karunamayee ,girl
Kanira ,girl
Kaksi ,girl
Karabi ,girl
Kaumudi ,girl
Kanakapriya ,girl
Kala ,girl
Kamna ,girl
Kani ,girl
Kalavati ,girl
Karuka ,girl
Kareena ,girl
Kanyaka ,girl
Karla,girl
Kaalaka  ,girl
Kanya ,girl
Kalpita ,girl
Kanta ,girl
Kautirya ,girl
Kananbala ,girl
Kalpana ,girl
Kajol  ,girl
Kanchi ,girl
Kanasu ,girl
Kanushi ,girl
Karka ,girl
Kavishri  ,girl
Kajri ,girl
Kalakarni ,girl
Kadambari ,girl
Kaasni ,girl
Kanan ,girl
Kaajal  ,girl
Karishma ,girl
Kaveri ,girl
Karala ,girl
Kavni ,girl
Karuna ,girl
Kamalika ,girl
Kanchanprabha ,girl
Kannaki ,girl
Kavita ,girl
Kathyayani ,girl
Kashwini ,girl
Kashyapi ,girl
Kakoli ,girl
Kavin ,girl
Kairavi ,girl
Kalapi ,girl
Leela ,girl
Lata ,girl
Laksha ,girl
Lakshanya ,girl
Latakara ,girl
Lipi ,girl
Lillian ,girl
Lola ,girl
Lakshmi ,girl
Laghuvi ,girl
Leena ,girl
Lopamudra ,girl
Lochana ,girl
Lekisha ,girl
Lilavati ,girl
Lavani ,girl
Lajvati ,girl
Laranya ,girl
Lajja ,girl
Lalitamohana ,girl
Lipika ,girl
Lucia ,girl
Labangalata ,girl
Lajjawati ,girl
Lunasha ,girl
Ladli ,girl
Lopa ,girl
Laabha ,girl
Lajvanti ,girl
Leelamayee ,girl
Laboni ,girl
Ladhi ,girl
Lalan ,girl
Labuki ,girl
Lalasa ,girl
Lokajanani ,girl
Lalita ,girl
Laharika ,girl
Lolaksi ,girl
Lasaki ,girl
Lakshmishree ,girl
Lajita ,girl
Lakshya ,girl
Laalamani ,girl
Lavenia ,girl
Lakshana ,girl
Lavanya ,girl
Libni ,girl
Latika ,girl
Lakhi ,girl
Lalima ,girl
Lekha ,girl
Lavangi ,girl
Lokamatri ,girl
Lalana ,girl
Lona ,girl
Laghima ,girl
Lakshita ,girl
Latangi ,girl
Leelavati ,girl
Lumbika ,girl
Lolita ,girl
Laasya ,girl
Loukya ,girl
Lakshaki ,girl
Lilly ,girl
Lajwati ,girl
Laxmi ,girl
Leora ,girl
Lohini ,girl
Lali ,girl
Lavali ,girl
Lajwanti ,girl
Maina ,girl
Manju ,girl
Mangala ,girl
Mamata ,girl
Manjushri ,girl
Mandakini ,girl
Manasa ,girl
Mahijuba ,girl
Manasvi ,girl
Maliha ,girl
Manjusri ,girl
Maniratna ,girl
Mahati ,girl
Manisha ,girl
Manimekhala ,girl
Mallika ,girl
Malati ,girl
Manini ,girl
Manana ,girl
Manna ,girl
Mahasweta ,girl
Maitry ,girl
Mandarmalika ,girl
Malavika ,girl
Manikuntala ,girl
Malini ,girl
Mansi ,girl
Makali ,girl
Manshree,girl
Madhvi ,girl
Manasvini ,girl
Madhul ,girl
Manushri ,girl
Mandira ,girl
Mandavi ,girl
Manjistha ,girl
Mahakanta ,girl
Mana ,girl
Madhu ,girl
Mandodari ,girl
Magadhi ,girl
Manorama ,girl
Manoranjana ,girl
Madhuchanda ,girl
Maghi ,girl
Manjari ,girl
Mantra ,girl
Mahadevi ,girl
Manjulika ,girl
Madhura ,girl
Manika ,girl
Manda ,girl
Maanika ,girl
Manavi ,girl
Madhulekha ,girl
Maheshi ,girl
Mahita ,girl
Manjula ,girl
Maheshwari ,girl
Manasi ,girl
Madhubala ,girl
Malina ,girl
Madirakshi ,girl
Madhushri ,girl
Madhur ,girl
Magana ,girl
Manjubala ,girl
Manya ,girl
Mahabhadra ,girl
Madhureema ,girl
Makshi ,girl
Madhavilata ,girl
Manjira ,girl
Manimala ,girl
Manushi ,girl
Madhuvanthi ,girl
Madhavi ,girl
Madhumitha ,girl
Mandakranta ,girl
Mahua ,girl
Malti ,girl
Mahika ,girl
Malli ,girl
Mahaniya ,girl
Malka ,girl
Malika ,girl
Madhurima ,girl
Madhulika ,girl
Mandara ,girl
Mahamaya ,girl
Maitreyi ,girl
Madhunisha ,girl
Mahi ,girl
Madhuksara ,girl
Mahasri ,girl
Manjubhargavi ,girl
Manjyot ,girl
Mamta ,girl
Mahima ,girl
Maitreya ,girl
Mala ,girl
Mani ,girl
Maithili ,girl
Malvika ,girl
Mahalakshmi ,girl
Madhumathi ,girl
Madhumalati ,girl
Manmayi ,girl
Malashree ,girl
Mandeepa ,girl
Mahiya ,girl
Mahagauri ,girl
Madhupriya ,girl
Manishika ,girl
Mahakali ,girl
Malaya ,girl
Madhuri ,girl
Manideepa ,girl
Manali ,girl
Madhulata ,girl
Manjusha ,girl
Namasya ,girl
Nakula ,girl
Navisha ,girl
Nachni ,girl
Nartan ,girl
Nandika ,girl
Nabah ,girl
Neeti ,girl
Neelanjana ,girl
Namita ,girl
Namrah ,girl
Nehal ,girl
Navika ,girl
Nalika ,girl
Nayana ,girl
Narmada ,girl
Nakti ,girl
Neelja,girl
Neelima ,girl
Naija ,girl
Nayantara ,girl
Nami ,girl
Neelisha ,girl
Namuchi ,girl
Narayani ,girl
Nakshatra ,girl
Navaneeta ,girl
Nadira ,girl
Navya ,girl
Navistha ,girl
Naomika,girl
Naomi,girl
Navadurga ,girl
Nainika ,girl
Natasha ,girl
Neepa ,girl
Navdeep ,girl
Natali ,girl
Neelabja ,girl
Nandini ,girl
Nagashree,girl
Neharika ,girl
Nagalata ,girl
Nagini ,girl
Neelakshi ,girl
Neeta ,girl
Nandi ,girl
Nabhi ,girl
Neena ,girl
Nalini ,girl
Navneeta ,girl
Namana ,girl
Nanda ,girl
Neela ,girl
Nanaki ,girl
Neeharika ,girl
Nagina ,girl
Netravati ,girl
Neeraja ,girl
Neha ,girl
Naina ,girl
Namrata ,girl
Navita ,girl
Nayonika ,girl
Naidhrua ,girl
Naishadha ,girl
Nandana ,girl
Neelam ,girl
Naisha ,girl
Nabanipa ,girl
Naveena ,girl
Neelaja ,girl
Nadia ,girl
Netra ,girl
Neelkamala ,girl
Nandita ,girl
Omkareshwari ,girl
Oni ,girl
Ojal ,girl
Oviya ,girl
Omaja ,girl
Omana ,girl
Omkari ,girl
Onella ,girl
Ojaswini ,girl
Oja ,girl
Oindrila ,girl
Oditi ,girl
Oma ,girl
Orpita ,girl
Ojasvi ,girl
Omisha ,girl
Pranaya ,girl
Padmakali ,girl
Pameela ,girl
Pankhudi,girl
Prajakta ,girl
Prarthana ,girl
Pia ,girl
Pradeepta ,girl
Patralekha ,girl
Poorbi ,girl
Prashansa ,girl
Pampa ,girl
Phoolan ,girl
Piyali ,girl
Padmalochana ,girl
Parajika ,girl
Pragalbha ,girl
Pranavi ,girl
Padmamalini ,girl
Padmarekha ,girl
Pavana ,girl
Prasheila ,girl
Parveen ,girl
Parbarti ,girl
Piki ,girl
Prama ,girl
Pranjali ,girl
Pooja ,girl
Parnika ,girl
Parvani ,girl
Parnal ,girl
Palomi ,girl
Prakriti ,girl
Pramada ,girl
Poushali ,girl
Padmajai ,girl
Parvini ,girl
Pankajadharini ,girl
Patmanjari ,girl
Pankaja ,girl
Pavitra ,girl
Pasha ,girl
Padmapriya ,girl
Pinakini ,girl
Pankti ,girl
Paravi ,girl
Parnita ,girl
Pamela ,girl
Padma ,girl
Prapti ,girl
Poorvi ,girl
Pramiti ,girl
Pakhi ,girl
Poorvaganga ,girl
Padmavasa ,girl
Pakshalika ,girl
Prashanthi ,girl
Parameshwari ,girl
Padmagriha ,girl
Pallavi ,girl
Poornakamala ,girl
Payal ,girl
Parina ,girl
Pracheeta ,girl
Parnakshi ,girl
Parvati ,girl
Prafula ,girl
Parthavi ,girl
Phutika,girl
Palak ,girl
Pival ,girl
Prachi ,girl
Panna ,girl
Pradnya ,girl
Pallavini ,girl
Poorva ,girl
Pariyat ,girl
Pramila ,girl
Pashupriya ,girl
Phiroza ,girl
Padnuni ,girl
Pavi ,girl
Pranati ,girl
Parivita ,girl
Paramita ,girl
Poorna ,girl
Poornima ,girl
Pranauthi ,girl
Pavani ,girl
Padmaja ,girl
Panini ,girl
Pingla ,girl
Pranita / Pranitha ,girl
Prakalpa ,girl
Pragya ,girl
Pranidhi ,girl
Pivari ,girl
Pranali ,girl
Pahal ,girl
Poonam ,girl
Pauravi,girl
Parni ,girl
Padmashri ,girl
Pehr ,girl
Payoja ,girl
Prabhavati ,girl
Pragnya ,girl
Paulomi ,girl
Padmal ,girl
Parama ,girl
Parnavi ,girl
Parthivi ,girl
Prabhati ,girl
Prabhada ,girl
Pragati ,girl
Padmini ,girl
Parmila,girl
Padmavati ,girl
Pankita,girl
Pinga ,girl
Pragyawati ,girl
Paola,girl
Prakhya ,girl
Parul ,girl
Pragyaparamita ,girl
Pavaki ,girl
Padmalaya ,girl
Padmakshi ,girl
Prabha ,girl
Pari ,girl
Prajna ,girl
Parnashri ,girl
Pranvuta ,girl
Panchali ,girl
Paulmi,girl
Paridhi ,girl
Parmita ,girl
Panita ,girl
Poorvaja ,girl
Pankhadi ,girl
Palaksi ,girl
Patala ,girl
Pranjal ,girl
Parinita ,girl
Prasheetha ,girl
Raakhi ,girl
Rishma,girl
Raka ,girl
Rameshwari ,girl
Ratnamala ,girl
Ratnavali ,girl
Ratnalekha ,girl
Ratna ,girl
Rangat ,girl
Ritika ,girl
Rajata ,girl
Ranita ,girl
Rebha ,girl
Rashmi ,girl
Revathi ,girl
Rajkumari ,girl
Raji ,girl
Rakshasamardini ,girl
Rajika ,girl
Richa ,girl
Rheeya,girl
Raaka ,girl
Richitha,girl
Riju/ Rijul ,girl
Raveena ,girl
Rajul ,girl
Reva ,girl
Rahela,girl
Rekha ,girl
Renu ,girl
Renuka ,girl
Ranjini ,girl
Rachika ,girl
Ragi ,girl
Rithika ,girl
Rajshri ,girl
Rashmika ,girl
Rishika ,girl
Radhika ,girl
Ratnajyoti ,girl
Rachita ,girl
Raja ,girl
Ratri ,girl
Rambha ,girl
Ranhita ,girl
Rhea ,girl
Rakshita ,girl
Rajeshwari ,girl
Ridhima ,girl
Rani ,girl
Ratnabala ,girl
Rita ,girl
Rajalakshmi ,girl
Rama ,girl
Rajeshri ,girl
Rishima ,girl
Raga ,girl
Rasna ,girl
Ranjana ,girl
Reema ,girl
Ranjita ,girl
Ritsika ,girl
Ramya ,girl
Rima ,girl
"Ria, Rhia ",girl
Rabhya ,girl
Raima ,girl
Ramra ,girl
Resham ,girl
Radha ,girl
Riya ,girl
Rasika ,girl
Ramita ,girl
Rina ,girl
Rishita ,girl
Ratnaprabha ,girl
Reman,girl
Raya ,girl
Ramola ,girl
Reneeka ,girl
Reshma ,girl
Rashi ,girl
Riddhi ,girl
Reena ,girl
Ranya ,girl
Rajnandini ,girl
Rangana ,girl
Rajni ,girl
Rakti ,girl
Reshika,girl
Ratchika ,girl
Rishmitha,girl
Rakhi ,girl
Ratnapriya ,girl
Ratnangi ,girl
Rajashri ,girl
Ramani ,girl
Revati ,girl
Rajanigandha ,girl
Raksha ,girl
Ratanjali ,girl
Riti ,girl
Rachana ,girl
Rewa ,girl
Rabia ,girl
Rachna ,girl
Ranjudeep,girl
Reshmi ,girl
Ragini ,girl
Rijuta ,girl
Raviprabha ,girl
Rati ,girl
Rajhansa ,girl
Ratnabali ,girl
Ritisha ,girl
Rituparna ,girl
Ramini ,girl
Ritu ,girl
Rajdulari ,girl
Ratnali ,girl
Risha ,girl
Rajasi ,girl
Shilavatia ,girl
Sheela ,girl
Sangya ,girl
Shiuli ,girl
Shakeela ,girl
Sani ,girl
Shivali ,girl
Sapna ,girl
Shreemayi ,girl
Sahana ,girl
Shrigeeta ,girl
Sashi ,girl
Satviki ,girl
Sharda ,girl
Shila ,girl
Shrikirti ,girl
Saachi ,girl
Serena ,girl
Shridevi ,girl
Saumyaa ,girl
Shankhamala ,girl
Shrinitha,girl
Samreen ,girl
Shyamala ,girl
Shuchita ,girl
Saruprani ,girl
Shresthi ,girl
Sandhra,girl
Saanvi ,girl
Sanvali ,girl
Sharvari ,girl
Satvika ,girl
Shishirkana ,girl
Samvrita ,girl
Shyamari ,girl
Shrejal,girl
Savitri ,girl
Savitashri ,girl
Sanemi ,girl
Shrimati ,girl
Shansa ,girl
Sheen ,girl
Shashini ,girl
Sanjushree ,girl
Sarayu ,girl
Shuchi ,girl
Sahiba ,girl
Sadhna ,girl
Sanobar ,girl
Shefali ,girl
Shameena ,girl
Shambhukanta ,girl
Sara ,girl
Sarvani ,girl
Sanjukta ,girl
Satyaki ,girl
Shravasti ,girl
Shivika ,girl
Saudamini ,girl
Samali ,girl
Sharika ,girl
Shraddha ,girl
Shrivalli ,girl
Shrika ,girl
Shweta ,girl
Sanchali ,girl
Sankul ,girl
Shubha ,girl
Shivangi ,girl
Shraya ,girl
Shreyashi ,girl
Sajni ,girl
Shrilekha ,girl
Sahima ,girl
Saraswati ,girl
Saparna ,girl
Shruta,girl
Shakambari ,girl
Shama ,girl
Sharmistha ,girl
Shyla ,girl
Saphala ,girl
Shashibala ,girl
Shrimayi ,girl
Shorashi ,girl
Shivli ,girl
Shivapriya ,girl
Sadhika ,girl
Sabrang ,girl
Sachita ,girl
Shilpita ,girl
Sachi ,girl
Shreyovi ,girl
Shaivi ,girl
Shivakanta ,girl
Sanika ,girl
Saketha ,girl
Shankari ,girl
Sarakshi ,girl
Shyamasri ,girl
Shabari ,girl
Shabnam ,girl
Shakuntala ,girl
Samhita ,girl
Shivani ,girl
Sanoja ,girl
Shambari ,girl
Sampriti ,girl
Shveni ,girl
Savidharani ,girl
Shivanjali,girl
Shivanshi ,girl
Shalalu ,girl
Shubhada ,girl
Sati ,girl
Sheetal ,girl
Shyamalima ,girl
Samita ,girl
Saundarya ,girl
Sarama ,girl
Shuddhi ,girl
Shina,girl
Shashikala ,girl
Shubhangi ,girl
Shyamlata ,girl
Shyamangi ,girl
Santoshi ,girl
Saesha ,girl
Shrilata ,girl
Shejali ,girl
Samriddhi / Samruddhi ,girl
Shresth ,girl
Sarasi ,girl
Sarisha ,girl
Shukla ,girl
Sahira ,girl
Savi ,girl
Sananda ,girl
Shalmali ,girl
Shatakshi ,girl
Sajala ,girl
Shyamalika ,girl
Shlesha ,girl
Sanjula ,girl
Sanchaya ,girl
Shreeparna ,girl
Saniya ,girl
Shachi ,girl
Sanjita ,girl
Shoni ,girl
Shailasha ,girl
Samrta ,girl
Sayali,girl
Seemantini ,girl
Shrujeshwari ,girl
Shakti ,girl
Shyama ,girl
Saranya ,girl
Shaswati ,girl
Saura ,girl
Seva ,girl
Shanti ,girl
Savitha ,girl
Shreya ,girl
Sahoj ,girl
Shobha ,girl
Saanjh ,girl
Shreeprada ,girl
Samskara ,girl
Satyavati ,girl
Sauravi ,girl
Shresta ,girl
Shamim ,girl
Shrina ,girl
Shloka ,girl
Sanyogita,girl
Shrividya ,girl
Sevati ,girl
Shruthika ,girl
Shona,girl
Shrila ,girl
Samiya ,girl
Shanthini,girl
Shrigauri ,girl
Shalika ,girl
Satvi ,girl
Shampa ,girl
SaiJayani ,girl
Sabita,girl
Samidha ,girl
Sharada ,girl
Sharmila ,girl
Shrilaxmi ,girl
Shardambha ,girl
Sarala ,girl
Saloni ,girl
Sadhvi ,girl
Shrutika ,girl
Samvidha ,girl
Sayona ,girl
Sharanya ,girl
Shivi,girl
Shaili ,girl
Sejal ,girl
Sahitya ,girl
Sadhana ,girl
Sandhya ,girl
Shriyadita ,girl
Saravati ,girl
Shveta ,girl
Shri ,girl
Sarada ,girl
Shushma ,girl
Shree ,girl
Sameera ,girl
Satha ,girl
Sakshi ,girl
Sarvagjna ,girl
Shichi ,girl
Seemanti ,girl
Sharmadha,girl
Shulka ,girl
Shrujana ,girl
Shuchismita ,girl
Sashmita ,girl
Sannidhi ,girl
Shyamini,girl
Sanavi ,girl
Sagari ,girl
Saroja ,girl
Shruti ,girl
Sansita ,girl
Sharadini ,girl
Shrena,girl
Santosh ,girl
Shantala ,girl
Shilna,girl
Santushti ,girl
Shomili ,girl
Savarna ,girl
Shakini ,girl
Shashiprabha ,girl
Shashirekha ,girl
Sanjaya ,girl
Sajili ,girl
Samyuktha ,girl
Seema ,girl
Satvari ,girl
Shravya ,girl
Shreema ,girl
Sajani ,girl
Sargini ,girl
Shalini ,girl
Sanyukta ,girl
Sanjivani ,girl
Shristi ,girl
Sama ,girl
Shruthi ,girl
Shrikala ,girl
Sarasa ,girl
Shutradevi ,girl
Shailaja ,girl
Shirina ,girl
Shreeya ,girl
Sasthi ,girl
Setu ,girl
Shravanthi ,girl
Shevanti ,girl
Sanvi ,girl
Shari ,girl
Shriya ,girl
Shalaka ,girl
Sampatti ,girl
Shinjini ,girl
Sanghavi ,girl
Shasha ,girl
Samanmitha ,girl
Shibani ,girl
Sanskriti ,girl
Sanatani ,girl
Sagun ,girl
Sheoli,girl
Sharani ,girl
Sharini ,girl
Shrikumari ,girl
Saguna ,girl
Saheli ,girl
Sanjna ,girl
Sharvani ,girl
Shobhana ,girl
Shayna ,girl
Samata ,girl
Shivasundari ,girl
Shubhra ,girl
Shrijani ,girl
Sesha ,girl
Sarjena ,girl
Shrutuja,girl
Sarupa ,girl
Sarbani ,girl
Shanta ,girl
Sameena ,girl
Salila ,girl
Shulini ,girl
Shefalika ,girl
Shobhita ,girl
Shaila ,girl
Shanvi ,girl
Sarvika ,girl
Semanti ,girl
Shrutaly,girl
Sarla ,girl
Shrikama ,girl
Satyarupa ,girl
sevanthika ,girl
Shemyukta,girl
Sarita ,girl
Sarojini ,girl
Shyamali ,girl
Sharaya,girl
Sarjana ,girl
Selma ,girl
Samiksha ,girl
Sahasra ,girl
Sagarika ,girl
Sampada ,girl
Sayuri ,girl
Sayantika ,girl
Sabeena ,girl
Sadabhuja ,girl
Shamita ,girl
Santati ,girl
Sana ,girl
Shevalini ,girl
Sai ,girl
Saumyi ,girl
Sattviki ,girl
Saee ,girl
Shrankhla,girl
Sangita ,girl
Shikha ,girl
Sakhi ,girl
Satya ,girl
Saruchi ,girl
Sanjana ,girl
Shagun ,girl
Sevita ,girl
Shipra ,girl
Shreela ,girl
Shashi ,girl
Sahila ,girl
Sarika ,girl
Savita ,girl
Shambhavi ,girl
Shravani ,girl
Sanchita ,girl
Shonima ,girl
Sabri ,girl
Sarvajina ,girl
Shukti ,girl
Shridula ,girl
Shilpa ,girl
Tanam ,girl
Tanuka ,girl
Teertha ,girl
Taruni ,girl
Tani,girl
Tarunika ,girl
Tanu ,girl
Tania ,girl
Tanisha ,girl
Tharisha ,girl
Tanuja ,girl
Tarakeshwari ,girl
Tarakini ,girl
Taneesha,girl
Thahiya,girl
Tarangini ,girl
Tarunima ,girl
Tamalika ,girl
Tannishtha ,girl
Taanusiya ,girl
Tamira ,girl
Thaneesha ,girl
Tannistha ,girl
Tanirika ,girl
Tanzil ,girl
Tanupa ,girl
Tarini ,girl
Tarjani ,girl
Taniamitra ,girl
Tarai ,girl
Tejasvi ,girl
Tamasa ,girl
Tejal ,girl
Tamanna ,girl
Talika ,girl
Tabassum ,girl
Tanima ,girl
Tarani ,girl
Tarannum ,girl
Tarlika,girl
Taj ,girl
Tarala ,girl
Tanulata ,girl
Tarli ,girl
Tarulata ,girl
Taranija ,girl
Tarana ,girl
Tanmaya ,girl
Tapati ,girl
Tapi ,girl
Tarpana ,girl
Tarkeshwari ,girl
Tanvee ,girl
Tejaswini ,girl
Tanvi ,girl
Tavishi ,girl
Taraka ,girl
Thankam ,girl
Tapni ,girl
Tapani ,girl
Taru ,girl
Tanika ,girl
Teji ,girl
Tapasi ,girl
Tamali ,girl
Tarika ,girl
Thumri ,girl
Tanushri ,girl
Tamasi ,girl
Tara ,girl
Tanisi ,girl
Tasha ,girl
Tarla ,girl
Tarita ,girl
Thanmayu ,girl
Tamasvini ,girl
Tanaya ,girl
Talli ,girl
Tatini ,girl
Taruna ,girl
Tanya ,girl
Tapti ,girl
Tanushi,girl
Tejomayi ,girl
Tanmayee ,girl
Unma ,girl
Ujjayini ,girl
Usha ,girl
Uditi ,girl
Ucchal ,girl
Utalika ,girl
Unni ,girl
Urshita ,girl
Usra ,girl
Utkarsha ,girl
Ujjwala/Ujvala ,girl
Upadhriti ,girl
Ujhala ,girl
Ulupi,girl
Utsavi ,girl
Urmila ,girl
Urjita ,girl
Unnati ,girl
Ura ,girl
Urvi ,girl
Upala ,girl
Ullupi ,girl
Ujas ,girl
Ulupya ,girl
Urmi ,girl
Utsa ,girl
Udipti ,girl
Urishita ,girl
Udvita ,girl
Udyati ,girl
Utpala ,girl
Urja ,girl
Uma ,girl
Upada ,girl
Umika ,girl
Utpalini ,girl
Ubika ,girl
Udaya ,girl
Ushashi ,girl
Uttara ,girl
Upasana ,girl
Urmika ,girl
Ulka ,girl
Udita ,girl
Ushalakshi,girl
Udantika ,girl
Utpatti ,girl
Ushakiran ,girl
Ushi ,girl
Ushma ,girl
Utpalakshi ,girl
Udichi ,girl
Upama ,girl
Udbala ,girl
Urvashi ,girl
Usri ,girl
Udgita ,girl
Urishilla ,girl
Umi ,girl
Vaidehi ,girl
Vamdevi ,girl
Vaneesha,girl
Vanjan,girl
Vaijayanti ,girl
Vasavi ,girl
Vartika ,girl
Vasundhara ,girl
Vaneet ,girl
Vanmala ,girl
Vara ,girl
Vallabha ,girl
Varnika ,girl
Varana ,girl
Vasulakshmi ,girl
Varisha ,girl
Varshana ,girl
Vaagdevi ,girl
Vanishri ,girl
Varaa ,girl
Vagisha ,girl
Varshini ,girl
Vansha ,girl
"Vaiga, Vaigai ",girl
Vasantika ,girl
Vasudha ,girl
Vamakshi ,girl
Vamil ,girl
Vasatika ,girl
Vachya ,girl
Vajra ,girl
Vanita ,girl
Vasanti ,girl
Vajreshwari ,girl
Vallika ,girl
Vaishnodevi ,girl
Vanshi ,girl
Varushka ,girl
Vasanta ,girl
Valli ,girl
Vanaja ,girl
Vallari ,girl
Vasantaprabha ,girl
Vanani ,girl
Vamita,girl
Vagishwari ,girl
Vasana ,girl
Varda ,girl
Vasudhara,girl
Vamika ,girl
Vari ,girl
Varij ,girl
Varunavi ,girl
Varnu ,girl
Vaisakhi ,girl
Varada ,girl
Vatsala ,girl
Vaishnavi ,girl
Varija ,girl
Vaishali ,girl
Varuni ,girl
Vaishavi ,girl
Vandana ,girl
Varuna ,girl
Varunika ,girl
Vanshika ,girl
Vati ,girl
Vandita ,girl
Vasumati ,girl
Varya ,girl
Vanhishikha ,girl
Vanmayi ,girl
Vaijayantimala ,girl
Vasuda ,girl
Varali ,girl
Vania ,girl
Vani ,girl
Vanini ,girl
Varsha ,girl
Vasuki ,girl
Vama ,girl
Vanmalli ,girl
Vaidarbhi ,girl
Vasudharini ,girl
Vanalika ,girl
Vainavi ,girl
Vanadurga ,girl
Varalika ,girl
Vashnie ,girl
Valini ,girl
Vaanika ,girl
Vasudeva ,girl
Vanhi ,girl
Yutika ,girl
Yashodhara ,girl
Yashomati ,girl
Yaksha ,girl
Yuvika ,girl
Yadavi ,girl
Yochana ,girl
Yamuni,girl
Yogya ,girl
Yashasvini ,girl
Yaagnya,girl
Yojana ,girl
Yuvraani ,girl
Yamika ,girl
Yashika / Yashica ,girl
Yasti ,girl
Yatra ,girl
Yuti ,girl
Yasmin ,girl
Yahvi ,girl
Yogeshwari ,girl
Yashita ,girl
Yamini ,girl
Yuvati ,girl
Yashi ,girl
Yoshita ,girl
Yashila ,girl
Yachana ,girl
Yousha ,girl
Yogita ,girl
Yamura,girl
Yatudhani,girl
Yuktha ,girl
Yauvani ,girl
Yogini ,girl
Yonita,girl
Yashoda ,girl
Yayaati ,girl
Yashasvi ,girl
Yukti ,girl
Yavonne ,girl
Yashawini ,girl
Yashmita,girl
Yamuna ,girl
Yema ,girl
Yamya ,girl
Zenoushka ,girl
Zora ,girl
Zaara ,girl
Zareen ,girl
Zoya ,girl
Zaida ,girl
Zahira ,girl
Zinga,girl
Zuri ,girl
Zheel ,girl
Zahara ,girl
Zia ,girl
Zaral ,girl
Zamuni,girl
Zaina ,girl
Zuha ,girl
Zaaei ,girl
Ziya ,girl
Zohra ,girl
Zarna ,girl
Zankar ,girl
Zita ,girl
Zarina ,girl
Zahra ,girl
Zachni ,girl
Zalak ,girl
Zeena ,girl
Zara ,girl
Zenia ,girl
Ziana ,girl
Zankrut ,girl
Zanie,girl
Zeenat ,girl
Zena ,girl
Zisya ,girl
Zaheera	,girl
Zalika ,girl
Achyuthan ,boy
Ajitesh ,boy
Advik ,boy
Ajanya ,boy
Akul ,boy
Amogh ,boy
Aarnav ,boy
Aadarsh ,boy
Abhishek ,boy
Amish ,boy
Amul ,boy
Akshaj ,boy
Abhinav ,boy
Ami ,boy
Aashish ,boy
Amlan ,boy
Aadya ,boy
Abhivanth / Abivanth ,boy
Abhinandan ,boy
Akshayaguna ,boy
Amar ,boy
Amolik ,boy
Aabheer ,boy
Amarnath ,boy
Aagam ,boy
Aganveer ,boy
Akshaykeerti ,boy
Ahan ,boy
Abhinivesh ,boy
Abhijit ,boy
Abhra ,boy
Adheesh ,boy
Aandaleeb ,boy
Aloki ,boy
Abhirath ,boy
Ambar ,boy
Adinath ,boy
Aagneya ,boy
Agnimitra ,boy
Airaawat ,boy
Advaya ,boy
Abhik ,boy
Aghat ,boy
Amay ,boy
Adhiraj ,boy
Amitbikram ,boy
Aayushmaan ,boy
Aadi ,boy
Amitesh ,boy
Amrit ,boy
Aatreya ,boy
Agyeya ,boy
Aaditya ,boy
Amartya ,boy
Akshat ,boy
Akshobhya ,boy
Achalendra ,boy
Amir ,boy
Aanandswarup ,boy
Abeer ,boy
Abhi ,boy
Ajisth ,boy
Akarsh ,boy
Aatmaj ,boy
Aghosh ,boy
Akshan ,boy
Ambikapathi ,boy
Agharna ,boy
Aadesh ,boy
Alankar ,boy
Abhilash ,boy
Amshul ,boy
Aalok ,boy
Aagney ,boy
Advait ,boy
Acharya ,boy
Amresh ,boy
Adhip ,boy
Amaris ,boy
Aaditeya ,boy
Aarth ,boy
Abhyudaya ,boy
Amalesh ,boy
Agendra ,boy
Ashlesh ,boy
Aalap ,boy
Aastik ,boy
Aanand ,boy
Amil ,boy
Aaradhak ,boy
Advay ,boy
Ameya ,boy
Aarush ,boy
Akshar ,boy
Adheer ,boy
Aanjaneya ,boy
Alak ,boy
Abheek ,boy
Agnivesh ,boy
Amrik ,boy
Achyut ,boy
Abhimanyu ,boy
Agrim ,boy
Akash ,boy
Achalraj ,boy
Alok ,boy
Abhivaadan ,boy
Amshu ,boy
Abhiram ,boy
Akhil ,boy
Amarjeet ,boy
Amritaya ,boy
Aashman ,boy
Amaan ,boy
Ajitaabh ,boy
Ambareesh ,boy
Abhirup ,boy
Ajit ,boy
Alpesh ,boy
Aadhira ,boy
Abhiraj ,boy
Abhay ,boy
Aamod ,boy
Aakaash ,boy
Amoorta ,boy
Amalendu ,boy
Ameet ,boy
Akshansh ,boy
Aakarshan ,boy
Aditya ,boy
Abhisar ,boy
Akshit ,boy
Amani ,boy
Aadinath ,boy
Aja ,boy
Alop ,boy
Adarsh ,boy
Agrata ,boy
Ajanta ,boy
Ambud ,boy
Ameyatma ,boy
Aayu ,boy
Aashray ,boy
Adeela ,boy
Ambuj ,boy
Amal ,boy
Amol ,boy
Abheesht ,boy
Akshay ,boy
Aman ,boy
Adhik ,boy
Aahlaad ,boy
Agniprava ,boy
Amod ,boy
Ajay ,boy
Achal ,boy
Abhijay ,boy
Akand ,boy
Adipurush ,boy
Aadit ,boy
Aadidev ,boy
Aakar ,boy
Adil ,boy
Agraj ,boy
Amrish ,boy
Agastya ,boy
Amit ,boy
Amitabh ,boy
Ajaatshatru ,boy
Amaresh ,boy
Abhijaat ,boy
Adwaita ,boy
Achintya ,boy
Aahva ,boy
Ainesh ,boy
Amritambu ,boy
Aashutosh ,boy
Amitava ,boy
Adit ,boy
Aapt ,boy
Ajoy ,boy
Aatish ,boy
Amardeep ,boy
Adeep ,boy
Akhilesh ,boy
Ajaat ,boy
Bhanuprakash ,boy
Bhalendra ,boy
Baalaark ,boy
Bhagwant ,boy
Bhairav ,boy
Baibhav ,boy
Bhupen ,boy
Balamani ,boy
Balvindra ,boy
Bhrigu ,boy
Balendu ,boy
Bhishma ,boy
Bhaswar ,boy
Balachandra ,boy
Balavan ,boy
Bharadwaj ,boy
Bankebihari ,boy
Bhuman ,boy
Baalkrishan ,boy
Bhakti ,boy
Bahubali ,boy
Bheemsen ,boy
Bhushan ,boy
Balaaditya ,boy
Barun ,boy
Bheesham ,boy
Bhagavaan ,boy
Bhooshit ,boy
Bhadrashree ,boy
Bhawanidas ,boy
Basdev ,boy
Bhupal ,boy
Bhaskar ,boy
Balraj ,boy
Balvant ,boy
Baasima ,boy
Bhuvanesh ,boy
Bhav-bhooti ,boy
Bhupesh ,boy
Bandhula ,boy
Balram ,boy
Bhavesh ,boy
Bhadraksh ,boy
Bhavan ,boy
Baanke Bihaari ,boy
Balakrishna ,boy
Bhadrakapil ,boy
Bavyesh ,boy
Babala ,boy
Bhagirath ,boy
Badri ,boy
Bhajan ,boy
Balbir ,boy
Bhagesh ,boy
Bheru ,boy
Bholanath ,boy
Bakul ,boy
Bhupati ,boy
Balamohan ,boy
Bhargava ,boy
Badriprasad ,boy
Banwari ,boy
Bankim ,boy
Bhim ,boy
Baanbhatt ,boy
Baadal ,boy
Bajrang ,boy
Bhuvaneshwar ,boy
Bandhu ,boy
Bakool ,boy
Balashankar ,boy
Bhoopat ,boy
Bhoopendra ,boy
Bhartihari ,boy
Banke ,boy
Balveer ,boy
Bhadrak ,boy
Bhanumitra ,boy
Bhudev ,boy
Balaram ,boy
Bhartesh ,boy
Barsaat ,boy
Bhasvan ,boy
Bharat ,boy
Bhavya,boy
Banshi ,boy
Batuk ,boy
Bhargav ,boy
Bhupendra ,boy
Baldev ,boy
Balagovind ,boy
Bakula ,boy
Bhadra ,boy
Bhadresh ,boy
Bhramar ,boy
Bansi,boy
Bhaumik ,boy
Babul,boy
Baneet ,boy
Bhanudas ,boy
Bansilal ,boy
Bahuleya ,boy
Balagopal ,boy
Banshidhar ,boy
Bali ,boy
Bhooshan ,boy
Badrinath ,boy
Bhoj ,boy
Bahula ,boy
Banaj ,boy
Bankimchandra ,boy
Bhanu ,boy
Balaji ,boy
Barindra ,boy
Balaraj ,boy
Bhupad ,boy
Bhoumik ,boy
Bhanuprasad ,boy
Barid ,boy
Bhagyaraj ,boy
Basant ,boy
Bhuvan ,boy
Bandhul ,boy
Bhagat ,boy
Balbhadra ,boy
Bhavin,boy
Balmukund ,boy
Chanchal ,boy
Chandrachur ,boy
Chaaruhaas ,boy
Chaarudatt ,boy
Chane ,boy
Chandrahaas ,boy
Chandra ,boy
Chaaruchandra ,boy
Chandraayan ,boy
Chandrakiran ,boy
Chandrabhaga ,boy
Chanchareek ,boy
Chandrakishore ,boy
Chandraketu ,boy
Chandrakumar ,boy
Chandravadan ,boy
Chandan ,boy
Chakresh ,boy
Chaanakya ,boy
Chandraabhaa ,boy
Chandranath ,boy
Chandramaadhav ,boy
Chandraprakaash ,boy
Chain ,boy
Chandrabhan ,boy
Chahel ,boy
Chakshan,boy
Chandak ,boy
Chandrpeed ,boy
Chandramohan ,boy
Chandrashekhar ,boy
Champak ,boy
Chakradev ,boy
Chakor ,boy
Chaitanya ,boy
Chakradhar ,boy
Chandavarman ,boy
Chandraaditya ,boy
Chandraanan ,boy
Chandresh ,boy
Chandrakin ,boy
Chakrapaani ,boy
Chandeedaas ,boy
Chandrasen,boy
Chaman ,boy
Chander ,boy
Chandramauli ,boy
Chandragupt ,boy
Chaitan ,boy
Chakravartee ,boy
Chandrak ,boy
Chamanlal ,boy
Chandran ,boy
Chandraraj ,boy
Chanak ,boy
Dayanand ,boy
Dayasagar ,boy
Devajyoti ,boy
Deeptiman ,boy
Dev ,boy
Devsena ,boy
Devansh ,boy
Dayaswarup ,boy
Devkumar ,boy
Deepan ,boy
Darshan ,boy
Devnarayan ,boy
Daitya ,boy
Deepankar ,boy
Devabrata ,boy
Dayaal ,boy
Dattey ,boy
Dayanidhi ,boy
Devdarsh ,boy
Daarun ,boy
Deviprasad ,boy
Deval ,boy
Deependra ,boy
Deepak ,boy
Dewansh ,boy
Dandak ,boy
Devaapi ,boy
Deeptendu ,boy
Dakshi ,boy
Danvir ,boy
Dayamay ,boy
Deeptimoy ,boy
Deenabandhu ,boy
Devpad ,boy
Dayakar ,boy
Daruka ,boy
Devadas ,boy
Devidas ,boy
Dayashankar ,boy
Dalpati ,boy
Deeptanshu ,boy
Devesh ,boy
Devak ,boy
Darshak ,boy
Devagya ,boy
Devi ,boy
Devdatta ,boy
Deenanath ,boy
Devadeva ,boy
Darpan ,boy
Daaruk ,boy
Devarshi ,boy
Daiwik ,boy
Devanand ,boy
Daamodar ,boy
Daksh ,boy
Deepit ,boy
Devvrata ,boy
Danta ,boy
Devnath ,boy
Devakeenandan ,boy
Dayaram ,boy
Devank ,boy
Deepesh ,boy
Devakumar ,boy
Devbrata ,boy
Devaj ,boy
Darsh ,boy
Devang ,boy
Devilaal ,boy
Dakshesh ,boy
Devraaj,boy
Dahana ,boy
Dehabhuj ,boy
Datta ,boy
Dasharath ,boy
Devajuta ,boy
Deependu ,boy
Debashish ,boy
Darshit ,boy
Devguru ,boy
Debjit ,boy
Devkinandan ,boy
Daman ,boy
Devendra ,boy
Deenbandhu ,boy
Devadatt ,boy
Deenadayaal ,boy
Devendranath ,boy
Devdas ,boy
Deo ,boy
Dattatreya ,boy
Darpak ,boy
Deep ,boy
Daya ,boy
Devrat ,boy
Dandapaani ,boy
Dasharathi ,boy
Darpad ,boy
Dakshinayan ,boy
Deveshwar ,boy
Deveedaas ,boy
Devashish ,boy
Damodar ,boy
Ekaant ,boy
Eshwardutt ,boy
Eshaan ,boy
Ekalavya ,boy
Edi ,boy
Ekaraj ,boy
Ettan ,boy
Esh ,boy
Eklavya ,boy
Evyavan ,boy
Ekaakshara ,boy
Etash ,boy
Ekaling ,boy
Ekanga ,boy
Ekachakra ,boy
Ehimay ,boy
Ednit ,boy
Ekana ,boy
Ekram ,boy
Eha ,boy
Ekavira ,boy
Ekayavan ,boy
Ekani ,boy
Ekapad ,boy
Eka ,boy
Eashan ,boy
Ekavir ,boy
Eeshwar ,boy
Ekansh ,boy
Ekaksha ,boy
Eshwar ,boy
Ekagrah ,boy
Ekodar ,boy
Ekbal ,boy
Ekambar ,boy
Ekaatmaa ,boy
Ekadant ,boy
Ekanath ,boy
Eknath ,boy
Ekaaksh ,boy
Fanindranath ,boy
Faninath ,boy
Fanishwar ,boy
Fanindra ,boy
Falgun ,boy
Fani ,boy
Fhulendu ,boy
Fanibhusan ,boy
Falak ,boy
Gangadatt ,boy
Ganesh ,boy
Garg ,boy
Gaurish ,boy
Gajendranath ,boy
Gangol ,boy
Gauresh ,boy
Gajkaran ,boy
Gajvadan ,boy
Gandiva ,boy
Gajendra ,boy
Gangadhar ,boy
Ganak ,boy
Ganaraj ,boy
Gaganvihari ,boy
Gandhik ,boy
Gannon ,boy
Gajaadhar ,boy
Gangesha ,boy
Gaveshan ,boy
Gannaath ,boy
Gaurikant ,boy
Gadhadhar ,boy
Gajpati ,boy
Garud ,boy
Gajanand ,boy
Garjan ,boy
Gaurisuta ,boy
Gajbaahu ,boy
Gajanan ,boy
Gangesh ,boy
Gajrup ,boy
Gangadutt ,boy
Gadin ,boy
Gandhi ,boy
Gagan ,boy
Gaurang ,boy
Gandhaa ,boy
Gaurinandan ,boy
Gautam ,boy
Gatik ,boy
Gangeya ,boy
Gaurinath ,boy
Gandharv ,boy
Gagandeep ,boy
Gambheer ,boy
Gaurishankar ,boy
Gagnesh ,boy
Gajdant ,boy
Gayan ,boy
Ganapati ,boy
Gaurav ,boy
Hari Om ,boy
Harij ,boy
Harihar ,boy
Haadiya ,boy
Hariram ,boy
Harilal ,boy
Harikrishna,boy
Haricharan ,boy
Hari ,boy
Harshad ,boy
Hastin ,boy
Harkrishna ,boy
Hansin ,boy
Haridas ,boy
Hariaksa ,boy
Harsh ,boy
Harteij ,boy
Hanshal ,boy
Haritbaran ,boy
Harjeet ,boy
Harshit ,boy
Hasit ,boy
Harshul ,boy
Harshini ,boy
Hana ,boy
Harit ,boy
Haripreet ,boy
Hasmukh ,boy
Harsha ,boy
Hasan ,boy
Harekrishna ,boy
Havish ,boy
Hans ,boy
Hanumant ,boy
Hara ,boy
Hanan ,boy
Hansraj ,boy
Hareendra ,boy
Harigopal ,boy
Hardik ,boy
Harivansh ,boy
Harshal ,boy
Harinarayan ,boy
Haroon ,boy
Hanuman ,boy
Hariprasad ,boy
Harish ,boy
Harishchandra ,boy
Har ,boy
Harishankar ,boy
Harshavardhan ,boy
Harindra ,boy
Harmendra ,boy
Haresh ,boy
Harindranath ,boy
Hakesh ,boy
Harivilas ,boy
Ina ,boy
Ipsit ,boy
Iresh ,boy
Idaspati ,boy
Indravadan,boy
Ishat ,boy
Ilayaraja ,boy
Induleksh ,boy
Ijay ,boy
Idhant ,boy
Ikshu ,boy
Indrasen ,boy
Indradyumn ,boy
Indeever ,boy
Indulal ,boy
Ishit ,boy
Ibhanan ,boy
Indubhushan ,boy
Inas ,boy
Ilesh ,boy
Ikshit ,boy
Iravat ,boy
Ilisa ,boy
Inesh ,boy
Ish ,boy
Induj ,boy
Inganam ,boy
Ishan ,boy
Ishir ,boy
Indradatt ,boy
Indushekhar ,boy
Indrasena ,boy
Ishayu ,boy
Indumauli ,boy
Ilashpasti ,boy
Indrajit ,boy
Indukant ,boy
Ishana ,boy
Indra ,boy
Indumal ,boy
Ichaa ,boy
Inoday ,boy
Iraj ,boy
Ikshan ,boy
Indraarjun ,boy
Ishaan ,boy
Indraneel ,boy
Indivar ,boy
Iravan ,boy
Ishwar ,boy
Jaipal ,boy
Jayapal ,boy
Jag Jeevan ,boy
Jalesh ,boy
Jawahar ,boy
Jaivant ,boy
Jaigopal ,boy
Jayant ,boy
Jainarayan ,boy
Jainil,boy
Jalbhushan ,boy
Jayaditya ,boy
Jagish ,boy
Jayendra ,boy
Jaldhar ,boy
Jaithra ,boy
Jayadeep ,boy
Jagatpal ,boy
Japa ,boy
Jagadev ,boy
Japesh ,boy
Jayani ,boy
Jagajeet ,boy
Jagdeep ,boy
Jaldev ,boy
Jashith ,boy
Jatan ,boy
Jagatbehari ,boy
Javesh ,boy
Jaikrishna ,boy
Jalendu ,boy
Jaisukh ,boy
Janu ,boy
Jakarious ,boy
Jaideep ,boy
Jaidayal ,boy
Jaiman ,boy
Jagdish ,boy
Jaswant ,boy
Jagatkishor ,boy
Jasjit,boy
Janakiraman ,boy
Jalsa ,boy
Jatin ,boy
Jagadhish ,boy
Janakinath ,boy
Jasveer ,boy
Jagrav ,boy
Jaspal ,boy
Jasraj ,boy
Janardan ,boy
Jaysukh ,boy
Jayawant ,boy
Janmesh ,boy
Jaidev ,boy
Jay ,boy
Jahi ,boy
Jagatprabhu ,boy
Jaiveer ,boy
Jaival ,boy
Jagmohan ,boy
Jairam ,boy
Jaivardhan ,boy
Japendra ,boy
Janakibhushan ,boy
Jahan ,boy
Jagat ,boy
Jayakrishan ,boy
Jagatprakash ,boy
Jaganmay ,boy
Jayaprakash ,boy
Jagannath ,boy
Jagadbandu ,boy
Janak ,boy
Jagdeo ,boy
Jahnu ,boy
Jairaj ,boy
Janakidas ,boy
Janesh ,boy
Jayashekhar ,boy
Jagesh ,boy
Jataayu ,boy
Jaichand ,boy
Jatasya ,boy
Jayin ,boy
Jagan ,boy
Jagadeep ,boy
Jai ,boy
Jaisal ,boy
Jayachand ,boy
Jaskaran ,boy
Janamejay ,boy
Jagajeevan ,boy
Jagatguru ,boy
Jayesh ,boy
Jasbeer ,boy
Jagger ,boy
Jagatveer ,boy
Jankesh ,boy
Kashi ,boy
Kamalaapati ,boy
Kamalnayan ,boy
Kartar ,boy
Kaustav ,boy
Kapindra ,boy
Kautilya ,boy
Kaliranjan ,boy
Kaveesha ,boy
Kapidhwaj ,boy
Kamran ,boy
Kaushik ,boy
Kanaiya ,boy
Kamal ,boy
Kamalakar ,boy
Kashinath ,boy
Karnapriya ,boy
Kashif ,boy
Kapish ,boy
Kavin ,boy
Kabir ,boy
Kalpak ,boy
Kallol ,boy
Kaaliya ,boy
Kanha ,boy
Kaartikeya ,boy
Kamboj ,boy
Kalyan ,boy
Karunashankar ,boy
Kamalesh ,boy
Kanish,boy
Kailashchandra ,boy
Kapilashwar ,boy
Kapil ,boy
Kapaali ,boy
Karnam ,boy
Kautik ,boy
Kamadev ,boy
Kaladhar ,boy
Kantilal ,boy
Karnajeet ,boy
Kantimoy ,boy
Karan ,boy
Kavi ,boy
Kaleecharan ,boy
Kamalkant ,boy
Kamalbandhu ,boy
Kanishk ,boy
Kartikeya ,boy
Kavel ,boy
Kaling ,boy
Kabali ,boy
Kadamb ,boy
Kanvar ,boy
Kapi ,boy
Kashiprasad ,boy
Kairav ,boy
Kalimohan ,boy
Kamalaksh ,boy
Kaditula ,boy
Kapirath ,boy
Katyayan ,boy
Kanwal ,boy
Kamalaj ,boy
Kalpanath,boy
Kanj ,boy
Karunakar ,boy
Kamsantak ,boy
Kashyap ,boy
Kavish ,boy
Kaashinaath ,boy
Kanak ,boy
Kausar ,boy
Karunamaya ,boy
Kanwalkishore ,boy
Kamalanayan ,boy
Kalhans ,boy
Karmjit ,boy
Kanhaiya ,boy
Karmendra ,boy
Kaushalesh ,boy
Kalkin ,boy
Kayaan ,boy
Kailash ,boy
Kalidas ,boy
Kanv ,boy
Kaivalya ,boy
Kamesh ,boy
Kalash ,boy
Kapil Dev ,boy
Kanwaljeet ,boy
Kanu ,boy
Kamod ,boy
Karunanidhi ,boy
Kanan ,boy
Karpoor ,boy
Karunaanidhi ,boy
Kavindra ,boy
Kalanidhi ,boy
Kalap ,boy
Kartik ,boy
Kaanan ,boy
Kalpesh ,boy
Kasish ,boy
Karuna ,boy
Kaustubh ,boy
Kaviraj ,boy
Kalanath ,boy
Kamalnath ,boy
Karnabhushan ,boy
Karunesh ,boy
Kalicharan ,boy
Karna ,boy
Kandarp ,boy
Kaushal ,boy
Kailashnath ,boy
Kaarikaa ,boy
Lalitaditya ,boy
Lakshya ,boy
Laalamani ,boy
Lakshman ,boy
Lokakriti ,boy
Lalit,boy
Lakhan ,boy
Lovenish,boy
Lovesh,boy
Lalit ,boy
Lakshanya ,boy
Lalitkishore ,boy
Lalitkumar ,boy
Lambodar ,boy
"Lalchand, Lalchandra ",boy
Liladhar ,boy
Lokpradeep ,boy
Lokranjan ,boy
Luv ,boy
Lokanetra ,boy
Lalitchandra ,boy
Larraj ,boy
Lokesh ,boy
Lalitmohan ,boy
Lakshmikant ,boy
Laavanya ,boy
Lalam ,boy
Laniban ,boy
Lochan ,boy
Lahar ,boy
Lohitaksha ,boy
Lohitashwa ,boy
Lokbhushan ,boy
Lakshmidhar ,boy
Lalitlochan ,boy
Lakshan ,boy
Lankesh ,boy
Lav ,boy
Lekh ,boy
Lavitra ,boy
Lohendra ,boy
Lalitesh ,boy
Loknaath ,boy
Lokprakash ,boy
Laksh ,boy
Lalan ,boy
Laabh ,boy
Lohit ,boy
Lakshminath ,boy
Lakshminarayan ,boy
Lakshmigopal ,boy
Lakshmipati ,boy
Lakshmiraman ,boy
Layak ,boy
Lukesh ,boy
Lokapujya ,boy
Lomash ,boy
Makrand ,boy
Manvendra ,boy
Maneesh ,boy
Madesh ,boy
Mandeep ,boy
Manikandan ,boy
Maysoon ,boy
Maderu ,boy
Madhusudan ,boy
Madhavdas ,boy
Manavendra ,boy
Mahakram ,boy
Manishankar ,boy
Makul ,boy
Mahaveer ,boy
Makarand ,boy
Markandeya ,boy
Malak ,boy
Mandaar ,boy
Manohar ,boy
Madhu ,boy
Mairava,boy
Manish ,boy
Maruti ,boy
Mareechi ,boy
Manoranjan ,boy
Madanmohan ,boy
Malank ,boy
Madan ,boy
Maandhata ,boy
Manjul ,boy
Mahish ,boy
Manaal ,boy
Mahamati ,boy
Mahabala ,boy
Mahadev ,boy
Mansukh ,boy
Mahapurush ,boy
Mahatru ,boy
Manan ,boy
Madhur ,boy
Manikaant ,boy
Martand ,boy
Maagh ,boy
Mahipal ,boy
Manendra ,boy
Manit ,boy
Maharshi ,boy
Mahesh ,boy
Mandakranta ,boy
Manotej ,boy
Makhesh ,boy
Maneet ,boy
Maraam ,boy
Manibhushan ,boy
Mahin ,boy
Manhar ,boy
Manorath ,boy
Manomay ,boy
Mayukh ,boy
Mandar ,boy
Mahipati ,boy
Mani ,boy
Mallesh ,boy
Mayank ,boy
Madhukar ,boy
Marut ,boy
Maalolan ,boy
Maalav,boy
Manjeet ,boy
Malaya ,boy
Mannan ,boy
Matheysh ,boy
Manaar ,boy
Mayon ,boy
Mahendra ,boy
Manik ,boy
Matanga ,boy
Manu ,boy
Malhar ,boy
Manidhar ,boy
Manuraj ,boy
Manprasad ,boy
Mahanidhi ,boy
Maulik ,boy
Maniram ,boy
Madhavan ,boy
Magan ,boy
Malay ,boy
Madhup ,boy
Mahamani ,boy
Madhuchanda ,boy
Maheshwar ,boy
Mantram ,boy
Manas ,boy
Marudeva ,boy
Maadhav ,boy
Madhuban ,boy
Mahavir ,boy
Mahaketu ,boy
Mangesh ,boy
Madhuk ,boy
Madhukant ,boy
Maraal ,boy
Mahasvin ,boy
Manyu ,boy
Madin ,boy
Mardav ,boy
Madhav ,boy
Mandhatri ,boy
Manvir,boy
Mahakaya ,boy
Madangopal ,boy
Manoj ,boy
Mayur ,boy
Madhusoodan ,boy
Mamraj ,boy
Manindra ,boy
Mahi ,boy
Manjyot ,boy
Manthan ,boy
Maitreya ,boy
Manav ,boy
Mangal ,boy
Manojavaya ,boy
Matsyendra ,boy
Maha ,boy
Manjughosh ,boy
Mahabahu ,boy
Maharanth ,boy
Manmohan ,boy
Mahit ,boy
Maneendra ,boy
Mahant ,boy
Maheepati ,boy
Martanda ,boy
Nandish ,boy
Naubahar,boy
Naarad ,boy
Navisha ,boy
Nartan ,boy
Nabendu ,boy
Nauka ,boy
Nandakumar ,boy
Navendu ,boy
Nayakan ,boy
Naagpati ,boy
Narhari ,boy
Navratan ,boy
Nanda,boy
Navrang ,boy
Naagesh ,boy
Naitik ,boy
Nand-kishore ,boy
Narottam ,boy
Narayana ,boy
Nachik ,boy
Nadish ,boy
Naksatraraja ,boy
Narendra ,boy
Naanak ,boy
Nalinaksh ,boy
Navaneet ,boy
Narayan ,boy
Nalin ,boy
Nayak ,boy
Nandan ,boy
Natesh ,boy
Navashen ,boy
Naagendra ,boy
Nageshwaran ,boy
Naman ,boy
Namish ,boy
Nakshatra ,boy
Naamdev ,boy
Nabhya ,boy
Naggar ,boy
Nartana ,boy
Narayanan ,boy
Nairit ,boy
Narmad ,boy
Naruna ,boy
Nagdhar ,boy
Naagraaj ,boy
Naresh ,boy
Navtej ,boy
Nand-nandan ,boy
Navaj ,boy
Natwar ,boy
Nayan ,boy
Naagdhar ,boy
Narsi ,boy
Narsimha ,boy
Nadeesh ,boy
Namit ,boy
Naval ,boy
Nagesh ,boy
Nandi ,boy
Nandlaal ,boy
Nauhar ,boy
Nadeen ,boy
Narasimha ,boy
Nabhoj ,boy
Naag ,boy
Narahari ,boy
Nachiket ,boy
Nandin ,boy
Naagarjun ,boy
Nachiketa ,boy
Nalesh ,boy
Nal ,boy
Nandak ,boy
Naishadh ,boy
Nahush ,boy
Nakhraj ,boy
Naabhi ,boy
Nathan ,boy
Navinchandra ,boy
Nawalkishor ,boy
Nakul ,boy
Nawal ,boy
Nawar ,boy
Naakesh ,boy
Nateshwar ,boy
Nagendra ,boy
Naveen ,boy
Nand ,boy
Naimish ,boy
Namdev ,boy
Naaraayan ,boy
Nabhij ,boy
"Naagpal, Nagpal ",boy
Nabhomani ,boy
Nalinikant ,boy
Narad ,boy
Natraj ,boy
Narendranath ,boy
Navin ,boy
Omswaroop ,boy
Omkar ,boy
Omesh ,boy
Oni ,boy
Ojal ,boy
Ojayit ,boy
Omeshwar ,boy
Omprakash ,boy
Ohas ,boy
Om ,boy
Obalesh ,boy
Omarjeet,boy
Omkarnath ,boy
Omar ,boy
Omanand ,boy
Omesa ,boy
Oma ,boy
Ojas ,boy
Orion ,boy
Oorjit ,boy
Ompati ,boy
Oojam ,boy
Poorvaj ,boy
Pallav ,boy
Pallab ,boy
Parantapa ,boy
Patoj ,boy
Parijat ,boy
Palash ,boy
Piyush ,boy
Payas ,boy
Poshan ,boy
Pakshi ,boy
Pathik ,boy
Piyali ,boy
Panduranga ,boy
Pandya ,boy
Paurav ,boy
Parthiv ,boy
Phanishwar ,boy
Paresha ,boy
Piki ,boy
Poonish ,boy
Pankajalochana ,boy
Paraashar ,boy
Panav ,boy
Pooran ,boy
Parnal ,boy
Pavankumar ,boy
Parmesh ,boy
Padminish ,boy
Panshul ,boy
Phanindra ,boy
Peeyush ,boy
Perumal ,boy
Pankajeet ,boy
Paritosh ,boy
Phani ,boy
Panchaanan ,boy
Pathin ,boy
Padmapani ,boy
Pavitra ,boy
Palin ,boy
Poudhan ,boy
Pashunath ,boy
Pavak ,boy
Parvesh ,boy
Pehlaj ,boy
Paarth ,boy
Padmahasta ,boy
Pashupati ,boy
Parmaarth ,boy
Pakhi ,boy
Phaninath ,boy
Poorv ,boy
Param-hans ,boy
Parth ,boy
Parthapratim ,boy
Pavan ,boy
Pannalal ,boy
Partha ,boy
Padmalochan ,boy
Parees ,boy
Panchal ,boy
Pandita ,boy
"Parag, Paraag ",boy
Paras ,boy
Parish ,boy
Paramananda ,boy
Poornachandra ,boy
Parvat ,boy
Paavan ,boy
Pival ,boy
Padmanabha ,boy
Padmabandhu ,boy
Palak ,boy
Padmaj ,boy
Panna ,boy
Padmadhar ,boy
Parthasarathi ,boy
Phalgun ,boy
Poornanand ,boy
Pingal ,boy
Phoolendu ,boy
Padmapati ,boy
Paramjeet ,boy
Peetambar ,boy
Panngesh ,boy
"Pavansut, Pavanputra ",boy
Paresh ,boy
Paramartha ,boy
Parakram ,boy
Paran,boy
Parindra ,boy
Palashranjan ,boy
Parmeet ,boy
Phalak ,boy
Paarthiv ,boy
Parimal ,boy
Pahal ,boy
Patag ,boy
Padm ,boy
Patr ,boy
Paramjit ,boy
Parnad ,boy
Paratpara ,boy
Pankajan ,boy
Parashar ,boy
Parikshit ,boy
Padmal ,boy
Parameshwar ,boy
Paandu ,boy
Pandhari ,boy
Patakin ,boy
Paavak ,boy
Padmesh ,boy
Pankaj ,boy
Pinakin ,boy
Paaninee ,boy
Pavanaj ,boy
Padam ,boy
Paandurang ,boy
Paarbrahm ,boy
Parvateshwar ,boy
Pitambar ,boy
Padmakar ,boy
Panchavaktra ,boy
Parasme ,boy
Paksha ,boy
Param ,boy
Parvatinandan ,boy
Payod ,boy
Pinak ,boy
Parashuraam ,boy
Padman ,boy
Paravasu ,boy
Paramesh ,boy
Parighosh ,boy
Pariket ,boy
Padmakant ,boy
Padmayani ,boy
Panchajana,boy
Parnik ,boy
Paranjay ,boy
Ramanjit,boy
Ranjit ,boy
Ramprasad ,boy
Rajata ,boy
Rajendrakumar ,boy
Ramkishore ,boy
Ramakanta ,boy
Rameshwar ,boy
Rakshan ,boy
Rajat ,boy
Raghupati ,boy
Ramkumar ,boy
Raghunandan ,boy
Ramanuj ,boy
Ranajit ,boy
Ramanuja ,boy
Rajdeep ,boy
Rajiv ,boy
Ranesh ,boy
Rachit ,boy
Rammohan ,boy
Ramadhuta ,boy
Ragin ,boy
Rajul ,boy
Radhakrishna ,boy
Rantidev ,boy
Radhakanta ,boy
Raman ,boy
Raajyashree ,boy
Ranajay ,boy
Raghukumara ,boy
Rajatanabhi ,boy
Ramgopal ,boy
Rahas ,boy
Rajrishi ,boy
Raamdatt ,boy
Raja ,boy
"Rajaneesh, Rajnish ",boy
Ramanand ,boy
Ramdas ,boy
Raajeevalochan ,boy
Rajan ,boy
Ranjiv ,boy
Raghuvir ,boy
Ramadeep ,boy
Raj ,boy
Rajeev ,boy
Rana ,boy
Raghavendra ,boy
Raakesh ,boy
Rajatshubhra ,boy
Raktakamal ,boy
Ramavatar ,boy
Randhir ,boy
Rampratap ,boy
Ranil,boy
Ranak ,boy
Ramra ,boy
Ramchandra ,boy
Raghav ,boy
Raivata ,boy
Rahul ,boy
Rajhans ,boy
Raakaa ,boy
Ramratan ,boy
Rajkumar ,boy
Rajinipati,boy
Ranganath ,boy
Rajeevalochana,boy
Rajyeshwar ,boy
Rangana ,boy
Rajas ,boy
Rajani ,boy
Rajendra ,boy
Raam ,boy
Rajesh ,boy
Raahi ,boy
Ramakrishna ,boy
Ram ,boy
Ramswaroop ,boy
Radheya ,boy
Raajeev ,boy
Ranjan ,boy
Ranjay ,boy
Raamaanuj ,boy
Radhesh ,boy
Ramkrishna ,boy
Raju ,boy
Rakesh ,boy
Raghunath ,boy
Rajit ,boy
Radhiyaa ,boy
Ramesh ,boy
Rajendramohan ,boy
Radheshyam ,boy
Ramashray ,boy
Raghu ,boy
Ranveer ,boy
Ramnath ,boy
Raghbir ,boy
Ramoji ,boy
Radhavallabh ,boy
Ramakaant ,boy
Rajanikant ,boy
Rand ,boy
Ranadeva ,boy
Raajaa ,boy
Sarvang ,boy
Sarish ,boy
Salaj ,boy
Sakshum ,boy
Satyendra ,boy
Sahaya ,boy
Sankalp ,boy
Shay ,boy
Savir ,boy
Sasi ,boy
Sadgun ,boy
Sagar ,boy
Sadavir ,boy
Samudrasen ,boy
Sarvagny ,boy
Savya ,boy
Shiveshvar ,boy
Sashwat ,boy
Seshadri,boy
Shalik ,boy
Shantidev ,boy
Shaashwat ,boy
Sannibh ,boy
Samarendu ,boy
Shivansh ,boy
Sarathy ,boy
Shauna ,boy
Sanjiv ,boy
Shilang ,boy
Samabashiv ,boy
Shivanand ,boy
Salil ,boy
Sadabindu ,boy
Shat-manyu ,boy
Saprathas ,boy
Satesh ,boy
Shauri ,boy
Shoora ,boy
Samaksh ,boy
Sadru ,boy
Shankir ,boy
Sami ,boy
Saatvik ,boy
Shiv ,boy
Sachetan ,boy
Shami ,boy
Satyavrat ,boy
Sahishnu ,boy
Shishirkana ,boy
Shashishekhar ,boy
Saunak ,boy
Sharat ,boy
Shivraj ,boy
Sanaatan ,boy
Savitashri ,boy
Sevak ,boy
Shansa ,boy
Sanhata ,boy
Sarayu ,boy
Sarasvat ,boy
Sahil ,boy
Shilendra ,boy
Shaant ,boy
Sadashiv ,boy
Sanobar ,boy
Shankhapani ,boy
Satvamohan ,boy
Sarvad ,boy
Shalang ,boy
Sanskar ,boy
Sheil ,boy
Satyaki ,boy
Samar ,boy
Sanjit ,boy
Shankhin ,boy
Sadhan ,boy
Shalya ,boy
Sarana ,boy
Saubal ,boy
Saharsh ,boy
Shivasunu ,boy
Sahastrabahu ,boy
Sankul ,boy
SaiDeep ,boy
Saatatya ,boy
Sanat ,boy
Shatadru ,boy
Shibhya ,boy
Satishchandra,boy
Satadev ,boy
Shattesh ,boy
Saurav ,boy
Sakash ,boy
Sharang ,boy
Sachiv ,boy
Shantinath ,boy
Sarvadaman ,boy
Sheshdhar ,boy
Sachin ,boy
Shatrughan ,boy
Samik ,boy
Satyadev ,boy
Sabrang ,boy
Shivkumar ,boy
Shirom,boy
Sartaj ,boy
Selva ,boy
Shaylan,boy
SaiAmartya ,boy
Samaah ,boy
Sakaleshwar ,boy
Sateendra ,boy
Sharan ,boy
Sachish ,boy
Saagar ,boy
Saju ,boy
Sarvendra ,boy
Sanchay ,boy
Sharadendu ,boy
Saumit ,boy
Saudeep,boy
Shamik,boy
Sasta ,boy
Sachit ,boy
Sameer ,boy
Shantashil ,boy
Saptajit ,boy
Samhita ,boy
Satveer ,boy
Shashish ,boy
Shipirist ,boy
Sarvambh ,boy
Saras ,boy
Shobhan ,boy
Sachet ,boy
Samavart ,boy
Shesanand ,boy
Shlok ,boy
Saaras ,boy
Sajiva ,boy
Sandeepen ,boy
Shalina ,boy
Sandesh ,boy
Shat-padm ,boy
Samrat ,boy
Shauchin ,boy
Safal ,boy
Sekhar ,boy
Sahadev ,boy
Sanjivan ,boy
Shashibhushan ,boy
Sanket ,boy
Sannath ,boy
Sadiva ,boy
Sampath,boy
Samesh ,boy
Sanyog ,boy
Shineyu ,boy
Sarvashay ,boy
Shatrunjay ,boy
Sargam ,boy
Sacchidananda ,boy
Shakyasinha ,boy
Shivik ,boy
Sarvavas ,boy
Shishirkumar ,boy
Sachh ,boy
Shaktidhar ,boy
Sanurag ,boy
Saptarishi ,boy
Saral ,boy
Saransh ,boy
Saksham ,boy
Satin ,boy
Sarasi ,boy
Shashee ,boy
Shivadev ,boy
Satyapriya ,boy
Satyam ,boy
Satyadarshi ,boy
Shanay ,boy
Sanshray ,boy
Shamak ,boy
Shalmali ,boy
Shashin ,boy
Shikhandin ,boy
Sarojin ,boy
Sarva ,boy
Sambhav ,boy
Santan ,boy
Sampoorn ,boy
Sanjay ,boy
Shankar ,boy
Shoor ,boy
Satpal ,boy
Saurabh ,boy
Shaurya ,boy
Sawan ,boy
Samudragupta ,boy
Sashang ,boy
Sahen ,boy
Sannigdh ,boy
Shlesh ,boy
Shakti ,boy
Sai Satpurusha ,boy
Shameek ,boy
Shivesh ,boy
Shivank ,boy
Savyasachi ,boy
Shaandilya ,boy
Sajan ,boy
Seva ,boy
Shera ,boy
Shankhi ,boy
Satyaprakash ,boy
Shaurav ,boy
Savar ,boy
Saanjh ,boy
Shashipushpa ,boy
Shakunt ,boy
Samskara ,boy
Shishirchandra ,boy
Sanwariya ,boy
Satyavaan ,boy
Shaardul ,boy
Sheehan ,boy
Shashikar ,boy
Samyak ,boy
Saumitr ,boy
Shailen,boy
Sahas ,boy
Sagan ,boy
Shivram ,boy
Sadhil ,boy
Sajiv ,boy
Saubhadra ,boy
Shashank ,boy
Satanand ,boy
Sarat ,boy
Shamakarn ,boy
Sahaj ,boy
Sashreek ,boy
Shatarupa ,boy
Savitendra ,boy
Samskar ,boy
Satvat ,boy
Satpati ,boy
Sarngin ,boy
Shivam ,boy
Shabar ,boy
Satish ,boy
Sarasija ,boy
Satyajit ,boy
Saurjyesh ,boy
Shivanath ,boy
Shankdhar ,boy
Satyanarayan ,boy
Shambhu ,boy
SaiKalakala ,boy
Satamanyu ,boy
Shoubhit ,boy
Sharu ,boy
Shikhar ,boy
Shilish ,boy
Saravana ,boy
Sashanth,boy
Sambodh ,boy
Shatrujit ,boy
Sarvan ,boy
Sashriti ,boy
Sadanand ,boy
Sasidhar,boy
Sankarshan ,boy
Shanyu ,boy
Shivshankar ,boy
Saipratap ,boy
Shantan,boy
Sadashiva ,boy
Satyakaam ,boy
Sambha ,boy
Shivendu ,boy
Satvik ,boy
Satinath ,boy
Shantanav ,boy
Shakuni ,boy
Shalabh,boy
Sathindar,boy
Shankh ,boy
Sarthak ,boy
Sannidhi ,boy
Sammad ,boy
Sahasrad ,boy
Saket ,boy
Samin ,boy
Saicharan ,boy
Sarang ,boy
Sarvadev ,boy
Shataayu ,boy
Sachchit ,boy
Shahalad ,boy
Samaj ,boy
Sanchit ,boy
Satyankar ,boy
Santosh ,boy
Shantanu ,boy
Sahat ,boy
Satrajit ,boy
Saikiran ,boy
Sarvadharin ,boy
Shashidhar ,boy
Sabhya ,boy
Sandeep ,boy
Shishul ,boy
Saptanshu ,boy
Sainath ,boy
Shataaneek ,boy
Shashimohan ,boy
Saffar ,boy
Shashikiran ,boy
Shatrughna ,boy
Satyasheel ,boy
Samanyu ,boy
Saumitra ,boy
Shaildhar ,boy
Shaligram ,boy
Samarpan ,boy
Samarjit ,boy
Sathi ,boy
Shirish ,boy
Sarvapalaka ,boy
Sahastrajit ,boy
Samudra ,boy
Satayu ,boy
Shiven ,boy
Sarin ,boy
Sahara ,boy
Shirdi Prasad ,boy
Samen ,boy
Sambuddha ,boy
Satyen,boy
Shishupal ,boy
Samdarshi ,boy
Samajas ,boy
Shardul ,boy
Setu ,boy
Sanjog ,boy
Sajjan ,boy
Shari ,boy
Sajal ,boy
Saumya ,boy
Shivendra ,boy
Satyak ,boy
Shoorsen ,boy
Sailadev ,boy
Sarvesh ,boy
Sabyasachi ,boy
Sadar ,boy
Sahib ,boy
Shekhar ,boy
Sanjeev ,boy
Senajit ,boy
Sagun ,boy
Sadeepan ,boy
Sasmit ,boy
Saguna ,boy
Sarup ,boy
Shalin ,boy
Shishir ,boy
Samarendra ,boy
Satvinder ,boy
Shankarshan ,boy
Sanatana ,boy
Sankara ,boy
SaiJeevadhara ,boy
Seemanta ,boy
Shams ,boy
Sambit ,boy
Satindra ,boy
Shinjan ,boy
Sabal ,boy
Satyamurty ,boy
Sarbajit ,boy
Samvar ,boy
Shaarav ,boy
Shashvata ,boy
SaiKalateeta,boy
Samarth ,boy
Sarbani ,boy
Samir ,boy
Shiromani ,boy
Shitikanth ,boy
Samividhan,boy
Shighra ,boy
Salarjung ,boy
Shashikant ,boy
Sharad ,boy
Sava ,boy
Saakaar ,boy
Sarit ,boy
Sapan ,boy
Sampada ,boy
Satyashrawaa ,boy
Shantimay ,boy
Sena ,boy
Salokh ,boy
Shamita ,boy
Shaunak ,boy
Sameep ,boy
Sharvarish ,boy
Sai ,boy
Samendu ,boy
Shesh ,boy
Satruijt ,boy
Sharadchandra ,boy
Shivshekhar ,boy
Sahasya ,boy
Satkartar ,boy
Satya ,boy
Shailesh ,boy
Shantiprakash ,boy
Shaan ,boy
Shadab ,boy
Saiprasad ,boy
Shagun ,boy
Sarvak ,boy
Samrudh ,boy
Sagardutt ,boy
Shashi ,boy
Sarwar ,boy
Shitiz ,boy
Sarveshvara ,boy
Satyavache ,boy
Shivlal ,boy
Shandar ,boy
Shamindra ,boy
Shambhavi ,boy
Samranpal,boy
Shevantilal ,boy
Shanmukha ,boy
Shail ,boy
Shashwat ,boy
Savit ,boy
Sarvag ,boy
Senthil ,boy
Sahar ,boy
Shailendra ,boy
Shivas ,boy
Sambaran ,boy
Saketharaman ,boy
Shatjit ,boy
Tarakesh ,boy
Tarachand ,boy
Tanay ,boy
Taraksh ,boy
Tarusa ,boy
Taarank ,boy
Tatharaj ,boy
Taranjot,boy
Tandeep ,boy
Tanav ,boy
Tashvin,boy
Tanmay ,boy
Tapasendra ,boy
Taporaj ,boy
Tarik ,boy
Talin ,boy
Taran ,boy
Tamil ,boy
Tamal ,boy
Taksheel ,boy
Tapomay ,boy
Talish ,boy
Tarakeshwar ,boy
Tarang ,boy
Taha ,boy
Tahoma ,boy
Tamila ,boy
Taresh ,boy
Tamra ,boy
Tarosh ,boy
Tarak ,boy
Tarani ,boy
Taksha ,boy
Taraprashad ,boy
Taradhish ,boy
Taruntapan ,boy
Tanish ,boy
Tana ,boy
Taraknath ,boy
Takshak ,boy
Tanak ,boy
Tamoghna ,boy
Tapasranjan ,boy
Tamas ,boy
Tavish ,boy
Taksa ,boy
Taru ,boy
Tarit ,boy
Tanul ,boy
Tamonash ,boy
Taral ,boy
Tapan ,boy
Tamkinat ,boy
Tamish ,boy
Tathagat ,boy
Tanishq ,boy
Tapesh,boy
Tatya ,boy
Tapas ,boy
Tahir ,boy
Tajdar ,boy
Tarachandra ,boy
Talank ,boy
Tarun ,boy
Tautik ,boy
Tarendra ,boy
Tanuj ,boy
Talaketu ,boy
Tanveer ,boy
Tapendra ,boy
Udayan ,boy
Ujas ,boy
Ujesh ,boy
Uday ,boy
Upendra ,boy
Udeep ,boy
Ulhas ,boy
Umakant ,boy
Umachandra ,boy
Udit ,boy
Upanshu ,boy
Utpal ,boy
Uddhav ,boy
Ushapati ,boy
Umesh ,boy
Ujjwal ,boy
Uttam ,boy
Utkarsh ,boy
Udbhav ,boy
Umang ,boy
Unmesh ,boy
Utham ,boy
Vaidya ,boy
Vidyadhar ,boy
Viamrsh ,boy
Vardhan ,boy
Vajraang ,boy
Vanamalin ,boy
Vibhor,boy
Vidarbh ,boy
Vayun ,boy
Vanajit ,boy
Varunesh ,boy
Venumadhav,boy
Vamsi ,boy
Vaikartan ,boy
Vatsin ,boy
Vanij ,boy
Venugopal,boy
Vibhudendra ,boy
Vighneshwar ,boy
Vijayketu ,boy
Vikas ,boy
Vaijayi ,boy
Vibhishan ,boy
Vansheedhar ,boy
Vasu ,boy
Vedatmane ,boy
Varidhvaran ,boy
Vaishant ,boy
Veerottam ,boy
Vanraaj ,boy
Veer ,boy
Vahin ,boy
Vidyaaranya ,boy
Venkatesh ,boy
Vidojas ,boy
Vikramin ,boy
Vajrang ,boy
Vaasavadatta ,boy
Vasav ,boy
Vidit,boy
Varin ,boy
Vigrah ,boy
Vatsa ,boy
Vibhaakar ,boy
Vatsal ,boy
Vihaan ,boy
Vibodh ,boy
Vairaja ,boy
Vatatmaj ,boy
Vajrabaahu ,boy
Vibhaavasu ,boy
Videh ,boy
Vikesh ,boy
Vijayesh ,boy
Vaibhav ,boy
Vikunth ,boy
Vijigeesh ,boy
Vasavaj ,boy
Vamsikrishna ,boy
Varaah ,boy
Veni ,boy
Vikarnan ,boy
Variyas ,boy
Vanabihari ,boy
Vijeesh ,boy
Vidhyadhar ,boy
Vaayu ,boy
Vibhu ,boy
Vajramani ,boy
Varesh ,boy
Vidyacharan ,boy
Vedavyaas ,boy
Vartanu ,boy
Vibhumat ,boy
Vagish ,boy
Vakratund ,boy
Vanmaalee ,boy
Vaidyanaath ,boy
Vibhas ,boy
Vijay ,boy
Vakrabhuj ,boy
Varendra ,boy
Velan ,boy
Vidip ,boy
Vairat ,boy
Varij ,boy
Vasistha ,boy
Vatradhara ,boy
Vikramajit ,boy
Vighnesh ,boy
Vaishwaanar ,boy
Vamsidhar ,boy
Vedaprakash ,boy
Varaahamihir ,boy
Vayu ,boy
Vaachaspati ,boy
Vachan ,boy
Vajasani ,boy
Vaaman ,boy
Vaanee ,boy
Vaikhan ,boy
Varad ,boy
Vagindra ,boy
Vanad ,boy
Vighnajit ,boy
Vasantamaalika ,boy
Vedant ,boy
Varshik ,boy
Vibhat ,boy
Vaageesh ,boy
Variya ,boy
Vikyath ,boy
Vibhut ,boy
Vidvan ,boy
Venu ,boy
Vandan ,boy
Vanhi ,boy
Vidhu ,boy
Veerbhadra ,boy
Vadish ,boy
Vidur ,boy
Vihang ,boy
Vidhesh ,boy
Vardhaman ,boy
Vaakpati ,boy
Vedbhushan ,boy
Vajendra ,boy
Vedmohan ,boy
Vanshya,boy
Vidyaranya ,boy
Venimadhav ,boy
Vaamdev ,boy
Vanadev ,boy
Vaninadh ,boy
Varana ,boy
Ved ,boy
Vedesh ,boy
Vatsar ,boy
Vikramendra ,boy
Vajraksha,boy
Vasupati ,boy
Vasudev ,boy
Vijeta ,boy
Vasumitra ,boy
Vedavrata ,boy
Vijayarathna ,boy
Vajrakaya ,boy
Vikrant ,boy
Vairinchya ,boy
Vidyasagar ,boy
Vijayant ,boy
Vikat ,boy
Vikern ,boy
Vighnaraaj ,boy
Vedatman ,boy
Vaikuntanath ,boy
Varun ,boy
Vasumat ,boy
Vamadev ,boy
Veydant ,boy
Veerendra ,boy
Vayya ,boy
Vaishnav ,boy
Vallabh ,boy
Vedanga ,boy
Vatsapal ,boy
Vansh ,boy
Vajrahast ,boy
Vaasuki ,boy
Vajradhar ,boy
Vaydeesh ,boy
Vedanth ,boy
Vijendra ,boy
Vairaj ,boy
Vihanga ,boy
Vasusen ,boy
Valaak ,boy
Venkat ,boy
Vasuman ,boy
Vijval ,boy
Varish ,boy
Varid ,boy
Vidvatam ,boy
Vijayendra ,boy
Vikram ,boy
Viksar ,boy
Venkataraman ,boy
Vaiwaswat ,boy
Vasur ,boy
Vajrin ,boy
Vayujat ,boy
Vachaspati ,boy
Veekshith,boy
Vijul ,boy
Varindra ,boy
Venavir ,boy
Vidyut ,boy
Vasuroop ,boy
Vardaan ,boy
Vibhusnu ,boy
Vairochan ,boy
Vareshvar ,boy
Vaalmeeki ,boy
Vasuki ,boy
Vaatsyaayan ,boy
Vaikunth ,boy
Vibhavasu ,boy
Vama ,boy
Vaijnath ,boy
Vikramaditya ,boy
Vajrajit ,boy
Vasant ,boy
Vashisht ,boy
Vayunand ,boy
Vaisak ,boy
Vainavin ,boy
Valmiki ,boy
Varadaraaj ,boy
Vajrapaani ,boy
Vadin,boy
Vidhatru ,boy
Yakootah ,boy
Yogiraj ,boy
Yuyutsu ,boy
Yamahil ,boy
Yadu ,boy
Yayin ,boy
Yogi ,boy
Yashpal ,boy
Yaj ,boy
Yaduraj ,boy
Yatindra ,boy
Yogine ,boy
Yagyasen ,boy
Yugandhar ,boy
Yash ,boy
Yukta ,boy
Yashovardhana,boy
Yatiyasa ,boy
Yashodev ,boy
Yagna ,boy
Yashwant ,boy
Yashodhan ,boy
Yashraj ,boy
Yugantar,boy
Yadunandan ,boy
Yayati ,boy
Yamha ,boy
Yashovarman,boy
Yathavan ,boy
Yojit ,boy
Yudhajit ,boy
Yadunath ,boy
Yagya ,boy
Yuval ,boy
Yograj ,boy
Yatin ,boy
Yashvasin ,boy
Yogadeva ,boy
Yamajit ,boy
Yagyesh ,boy
Yatish ,boy
Yasti ,boy
Yashmit ,boy
Yagnesh ,boy
Yadavendra ,boy
Yog ,boy
Yogesh ,boy
Yajnesh ,boy
Yaduvir ,boy
Yatnesh ,boy
Yuvaraj ,boy
Yoganidra ,boy
Yogendra ,boy
Yamir ,boy
Yajnadhar ,boy
Yudhisthir ,boy
Yashas ,boy
Yajnarup ,boy
Yadav ,boy
Yajat ,boy
Yaksha ,boy
Yashodhar ,boy
Yoginampati ,boy
Zahin ,boy
Zaki ,boy
Zakiy ,boy
Zayd ,boy
Zeeshan ,boy
Zaiden ,boy
Zamir ,boy
Zain ,boy
Zev ,boy
Zarir ,boy
Zahir ,boy
